ASV_ID,Level of annotation
ASV_1,"d:Bacteria(1.00),p:Bacteroidetes(1.00),c:Bacteroidia(1.00),o:Bacteroidales(1.00),f:Bacteroidaceae(1.00),g:Phocaeicola(1.00)"
ASV_2,"d:Bacteria(1.00),p:Bacteroidetes(1.00),c:Bacteroidia(1.00),o:Bacteroidales(1.00),f:Bacteroidaceae(1.00),g:Phocaeicola(1.00)"
ASV_3,"d:Bacteria(1.00),p:Firmicutes(1.00),c:Clostridia(1.00),o:Clostridiales(1.00),f:Ruminococcaceae(1.00),g:Faecalibacterium(1.00)"
ASV_4,"d:Bacteria(1.00),p:Bacteroidetes(1.00),c:Bacteroidia(1.00),o:Bacteroidales(1.00),f:Bacteroidaceae(1.00),g:Bacteroides(1.00)"
ASV_6,"d:Bacteria(1.00),p:Bacteroidetes(1.00),c:Bacteroidia(1.00),o:Bacteroidales(1.00),f:Prevotellaceae(1.00),g:Prevotella(1.00)"
ASV_5,"d:Bacteria(1.00),p:Bacteroidetes(1.00),c:Bacteroidia(1.00),o:Bacteroidales(1.00),f:Bacteroidaceae(1.00),g:Phocaeicola(1.00)"
ASV_7,"d:Bacteria(1.00),p:Proteobacteria(1.00),c:Gammaproteobacteria(1.00),o:Enterobacterales(1.00),f:Enterobacteriaceae(1.00),g:Pseudescherichia(0.71)"
ASV_8,"d:Bacteria(1.00),p:Bacteroidetes(1.00),c:Bacteroidia(1.00),o:Bacteroidales(1.00),f:Bacteroidaceae(1.00),g:Bacteroides(1.00)"
ASV_9,"d:Bacteria(1.00),p:Bacteroidetes(1.00),c:Bacteroidia(1.00),o:Bacteroidales(1.00),f:Bacteroidaceae(1.00),g:Bacteroides(1.00)"
ASV_13,"d:Bacteria(1.00),p:Bacteroidetes(1.00),c:Bacteroidia(1.00),o:Bacteroidales(1.00),f:Bacteroidaceae(1.00),g:Bacteroides(1.00)"
ASV_10,"d:Bacteria(1.00),p:Bacteroidetes(1.00),c:Bacteroidia(1.00),o:Bacteroidales(1.00),f:Bacteroidaceae(1.00),g:Bacteroides(1.00)"
ASV_12,"d:Bacteria(1.00),p:Bacteroidetes(1.00),c:Bacteroidia(1.00),o:Bacteroidales(1.00),f:Bacteroidaceae(1.00),g:Bacteroides(1.00)"
ASV_11,"d:Bacteria(1.00),p:Firmicutes(1.00),c:Negativicutes(1.00),o:Selenomonadales(1.00),f:Selenomonadaceae(1.00),g:Megamonas(1.00)"
ASV_15,"d:Bacteria(1.00),p:Firmicutes(1.00),c:Clostridia(1.00),o:Clostridiales(1.00),f:Lachnospiraceae(1.00),g:Lachnospiracea_incertae_sedis(1.00)"
ASV_14,"d:Bacteria(1.00),p:Bacteroidetes(1.00),c:Bacteroidia(1.00),o:Bacteroidales(1.00),f:Prevotellaceae(1.00),g:Prevotella(1.00)"
ASV_17,"d:Bacteria(1.00),p:Firmicutes(1.00),c:Clostridia(1.00),o:Clostridiales(1.00),f:Lachnospiraceae(1.00),g:Blautia(1.00)"
ASV_16,"d:Bacteria(1.00),p:Actinobacteria(1.00),c:Actinobacteria(1.00),o:Bifidobacteriales(1.00),f:Bifidobacteriaceae(1.00),g:Bifidobacterium(1.00)"
ASV_18,"d:Bacteria(1.00),p:Firmicutes(1.00),c:Clostridia(1.00),o:Clostridiales(1.00),f:Ruminococcaceae(1.00),g:Faecalibacterium(0.98)"
ASV_19,"d:Bacteria(1.00),p:Bacteroidetes(1.00),c:Bacteroidia(1.00),o:Bacteroidales(1.00),f:Bacteroidaceae(1.00),g:Bacteroides(1.00)"
ASV_20,"d:Bacteria(1.00),p:Actinobacteria(1.00),c:Actinobacteria(1.00),o:Bifidobacteriales(1.00),f:Bifidobacteriaceae(1.00),g:Bifidobacterium(1.00)"
ASV_21,"d:Bacteria(1.00),p:Bacteroidetes(1.00),c:Bacteroidia(1.00),o:Bacteroidales(1.00),f:Porphyromonadaceae(1.00),g:Parabacteroides(1.00)"
ASV_22,"d:Bacteria(1.00),p:Fusobacteria(1.00),c:Fusobacteriia(1.00),o:Fusobacteriales(1.00),f:Fusobacteriaceae(1.00),g:Cetobacterium(0.72)"
ASV_23,"d:Bacteria(1.00),p:Proteobacteria(1.00),c:Gammaproteobacteria(1.00),o:Enterobacterales(1.00),f:Enterobacteriaceae(0.65),g:Siccibacter(0.42)"
ASV_24,"d:Bacteria(1.00),p:Bacteroidetes(1.00),c:Bacteroidia(1.00),o:Bacteroidales(1.00),f:Bacteroidaceae(1.00),g:Phocaeicola(1.00)"
ASV_26,"d:Bacteria(1.00),p:Bacteroidetes(1.00),c:Bacteroidia(1.00),o:Bacteroidales(1.00),f:Bacteroidaceae(1.00),g:Bacteroides(1.00)"
ASV_25,"d:Bacteria(1.00),p:Bacteroidetes(1.00),c:Bacteroidia(1.00),o:Bacteroidales(1.00),f:Bacteroidaceae(1.00),g:Bacteroides(1.00)"
ASV_27,"d:Bacteria(1.00),p:Verrucomicrobia(1.00),c:Verrucomicrobiae(1.00),o:Verrucomicrobiales(1.00),f:Akkermansiaceae(1.00),g:Akkermansia(1.00)"
ASV_30,"d:Bacteria(1.00),p:Firmicutes(1.00),c:Clostridia(1.00),o:Clostridiales(1.00),f:Ruminococcaceae(1.00),g:Faecalibacterium(1.00)"
ASV_28,"d:Bacteria(1.00),p:Bacteroidetes(1.00),c:Bacteroidia(1.00),o:Bacteroidales(1.00),f:Bacteroidaceae(1.00),g:Phocaeicola(1.00)"
ASV_29,"d:Bacteria(1.00),p:Bacteroidetes(1.00),c:Bacteroidia(1.00),o:Bacteroidales(1.00),f:Bacteroidaceae(1.00),g:Phocaeicola(0.94)"
ASV_35,"d:Bacteria(1.00),p:Bacteroidetes(1.00),c:Bacteroidia(1.00),o:Bacteroidales(1.00),f:Prevotellaceae(1.00),g:Prevotella(1.00)"
ASV_34,"d:Bacteria(1.00),p:Firmicutes(1.00),c:Clostridia(1.00),o:Clostridiales(1.00),f:Lachnospiraceae(1.00),g:Agathobacter(0.63)"
ASV_31,"d:Bacteria(1.00),p:Firmicutes(1.00),c:Bacilli(1.00),o:Lactobacillales(1.00),f:Streptococcaceae(1.00),g:Streptococcus(1.00)"
ASV_32,"d:Bacteria(1.00),p:Bacteroidetes(1.00),c:Bacteroidia(1.00),o:Bacteroidales(1.00),f:Rikenellaceae(1.00),g:Alistipes(1.00)"
ASV_33,"d:Bacteria(1.00),p:Bacteroidetes(1.00),c:Bacteroidia(1.00),o:Bacteroidales(1.00),f:Porphyromonadaceae(1.00),g:Parabacteroides(1.00)"
ASV_36,"d:Bacteria(1.00),p:Firmicutes(1.00),c:Clostridia(1.00),o:Clostridiales(1.00),f:Ruminococcaceae(1.00),g:Ruminococcus(1.00)"
ASV_43,"d:Bacteria(1.00),p:Fusobacteria(1.00),c:Fusobacteriia(1.00),o:Fusobacteriales(1.00),f:Fusobacteriaceae(1.00),g:Fusobacterium(1.00)"
ASV_40,"d:Bacteria(1.00),p:Firmicutes(0.98),c:Clostridia(0.98),o:Clostridiales(0.98),f:Lachnospiraceae(0.98),g:Lachnospira(0.12)"
ASV_37,"d:Bacteria(1.00),p:Proteobacteria(1.00),c:Betaproteobacteria(1.00),o:Burkholderiales(1.00),f:Sutterellaceae(1.00),g:Parasutterella(1.00)"
ASV_39,"d:Bacteria(1.00),p:Firmicutes(1.00),c:Clostridia(1.00),o:Clostridiales(1.00),f:Lachnospiraceae(1.00),g:Fusicatenibacter(1.00)"
ASV_42,"d:Bacteria(1.00),p:Proteobacteria(1.00),c:Gammaproteobacteria(1.00),o:Pasteurellales(1.00),f:Pasteurellaceae(1.00),g:Actinobacillus(0.04)"
ASV_38,"d:Bacteria(1.00),p:Bacteroidetes(1.00),c:Bacteroidia(1.00),o:Bacteroidales(1.00),f:Rikenellaceae(1.00),g:Alistipes(1.00)"
ASV_44,"d:Bacteria(1.00),p:Firmicutes(1.00),c:Clostridia(1.00),o:Clostridiales(1.00),f:Lachnospiraceae(1.00),g:Roseburia(0.99)"
ASV_41,"d:Bacteria(1.00),p:Firmicutes(1.00),c:Negativicutes(1.00),o:Acidaminococcales(1.00),f:Acidaminococcaceae(1.00),g:Phascolarctobacterium(1.00)"
ASV_46,"d:Bacteria(1.00),p:Firmicutes(1.00),c:Clostridia(1.00),o:Clostridiales(1.00),f:Lachnospiraceae(1.00),g:Enterocloster(1.00)"
ASV_51,"d:Bacteria(1.00),p:Bacteroidetes(1.00),c:Bacteroidia(1.00),o:Bacteroidales(1.00),f:Porphyromonadaceae(1.00),g:Parabacteroides(1.00)"
ASV_45,"d:Bacteria(1.00),p:Firmicutes(1.00),c:Clostridia(1.00),o:Clostridiales(1.00),f:Lachnospiraceae(1.00),g:Tyzzerella(0.82)"
ASV_49,"d:Bacteria(1.00),p:Firmicutes(1.00),c:Clostridia(1.00),o:Clostridiales(1.00),f:Lachnospiraceae(1.00),g:Lachnospira(0.85)"
ASV_47,"d:Bacteria(1.00),p:Proteobacteria(1.00),c:Betaproteobacteria(1.00),o:Burkholderiales(0.98),f:Sutterellaceae(0.91),g:Duodenibacillus(0.68)"
ASV_48,"d:Bacteria(1.00),p:Firmicutes(1.00),c:Clostridia(1.00),o:Clostridiales(1.00),f:Ruminococcaceae(1.00),g:Flavonifractor(1.00)"
ASV_57,"d:Bacteria(1.00),p:Firmicutes(1.00),c:Clostridia(1.00),o:Clostridiales(1.00),f:Ruminococcaceae(1.00),g:Gemmiger(1.00)"
ASV_50,"d:Bacteria(1.00),p:Bacteroidetes(1.00),c:Bacteroidia(1.00),o:Bacteroidales(1.00),f:Prevotellaceae(1.00),g:Prevotella(1.00)"
ASV_54,"d:Bacteria(1.00),p:Firmicutes(1.00),c:Negativicutes(1.00),o:Veillonellales(1.00),f:Veillonellaceae(1.00),g:Megasphaera(1.00)"
ASV_52,"d:Bacteria(1.00),p:Firmicutes(1.00),c:Clostridia(1.00),o:Clostridiales(1.00),f:Lachnospiraceae(1.00),g:Anaerostipes(1.00)"
ASV_59,"d:Bacteria(1.00),p:Bacteroidetes(1.00),c:Bacteroidia(1.00),o:Bacteroidales(1.00),f:Bacteroidaceae(1.00),g:Bacteroides(1.00)"
ASV_55,"d:Bacteria(1.00),p:Firmicutes(1.00),c:Clostridia(1.00),o:Clostridiales(1.00),f:Lachnospiraceae(1.00),g:Roseburia(0.98)"
ASV_53,"d:Bacteria(1.00),p:Bacteroidetes(1.00),c:Bacteroidia(1.00),o:Bacteroidales(1.00),f:Prevotellaceae(1.00),g:Prevotella(1.00)"
ASV_58,"d:Bacteria(1.00),p:Firmicutes(1.00),c:Clostridia(1.00),o:Clostridiales(1.00),f:Lachnospiraceae(1.00),g:Roseburia(1.00)"
ASV_56,"d:Bacteria(1.00),p:Bacteroidetes(1.00),c:Bacteroidia(1.00),o:Bacteroidales(1.00),f:Bacteroidaceae(1.00),g:Bacteroides(1.00)"
ASV_62,"d:Bacteria(1.00),p:Bacteroidetes(1.00),c:Bacteroidia(1.00),o:Bacteroidales(1.00),f:Bacteroidaceae(1.00),g:Bacteroides(1.00)"
ASV_60,"d:Bacteria(1.00),p:Bacteroidetes(1.00),c:Bacteroidia(1.00),o:Bacteroidales(1.00),f:Porphyromonadaceae(1.00),g:Parabacteroides(1.00)"
ASV_61,"d:Bacteria(1.00),p:Fusobacteria(1.00),c:Fusobacteriia(1.00),o:Fusobacteriales(1.00),f:Fusobacteriaceae(1.00),g:Fusobacterium(1.00)"
ASV_65,"d:Bacteria(1.00),p:Firmicutes(1.00),c:Clostridia(1.00),o:Clostridiales(1.00),f:Lachnospiraceae(0.99),g:Merdimonas(0.44)"
ASV_63,"d:Bacteria(1.00),p:Firmicutes(1.00),c:Negativicutes(1.00),o:Veillonellales(1.00),f:Veillonellaceae(1.00),g:Veillonella(1.00)"
ASV_64,"d:Bacteria(1.00),p:Firmicutes(1.00),c:Clostridia(1.00),o:Clostridiales(1.00),f:Peptostreptococcaceae(1.00),g:Intestinibacter(1.00)"
ASV_66,"d:Bacteria(1.00),p:Bacteroidetes(1.00),c:Bacteroidia(1.00),o:Bacteroidales(1.00),f:Prevotellaceae(1.00),g:Paraprevotella(1.00)"
ASV_68,"d:Bacteria(1.00),p:Firmicutes(1.00),c:Clostridia(1.00),o:Clostridiales(1.00),f:Lachnospiraceae(1.00),g:Mediterraneibacter(1.00)"
ASV_67,"d:Bacteria(1.00),p:Firmicutes(1.00),c:Clostridia(1.00),o:Clostridiales(1.00),f:Lachnospiraceae(1.00),g:Ruminococcus2(0.84)"
ASV_75,"d:Bacteria(1.00),p:Firmicutes(1.00),c:Clostridia(1.00),o:Clostridiales(1.00),f:Eubacteriaceae(0.97),g:Eubacterium(0.97)"
ASV_73,"d:Bacteria(1.00),p:Firmicutes(1.00),c:Clostridia(1.00),o:Clostridiales(1.00),f:Lachnospiraceae(1.00),g:Lachnospira(0.07)"
ASV_70,"d:Bacteria(1.00),p:Firmicutes(1.00),c:Clostridia(1.00),o:Clostridiales(1.00),f:Lachnospiraceae(1.00),g:Lacrimispora(0.37)"
ASV_74,"d:Bacteria(1.00),p:Firmicutes(1.00),c:Clostridia(1.00),o:Clostridiales(1.00),f:Peptostreptococcaceae(1.00),g:Romboutsia(1.00)"
ASV_71,"d:Bacteria(1.00),p:Firmicutes(1.00),c:Clostridia(1.00),o:Clostridiales(1.00),f:Lachnospiraceae(1.00),g:Hungatella(1.00)"
ASV_72,"d:Bacteria(1.00),p:Firmicutes(1.00),c:Erysipelotrichia(1.00),o:Erysipelotrichales(1.00),f:Erysipelotrichaceae(1.00),g:Faecalibacillus(1.00)"
ASV_78,"d:Bacteria(1.00),p:Firmicutes(1.00),c:Clostridia(1.00),o:Clostridiales(1.00),f:Lachnospiraceae(0.95),g:Faecalimonas(0.04)"
ASV_69,"d:Bacteria(1.00),p:Proteobacteria(1.00),c:Betaproteobacteria(1.00),o:Burkholderiales(0.93),f:Burkholderiaceae(0.03),g:Robbsia(0.03)"
ASV_77,"d:Bacteria(1.00),p:Firmicutes(1.00),c:Clostridia(1.00),o:Clostridiales(1.00),f:Lachnospiraceae(1.00),g:Blautia(1.00)"
ASV_83,"d:Bacteria(1.00),p:Firmicutes(1.00),c:Clostridia(1.00),o:Clostridiales(1.00),f:Lachnospiraceae(1.00),g:Blautia(1.00)"
ASV_116,"d:Bacteria(1.00),p:Bacteroidetes(1.00),c:Bacteroidia(1.00),o:Bacteroidales(1.00),f:Bacteroidaceae(1.00),g:Bacteroides(1.00)"
ASV_79,"d:Bacteria(1.00),p:Bacteroidetes(1.00),c:Bacteroidia(1.00),o:Bacteroidales(1.00),f:Rikenellaceae(1.00),g:Alistipes(1.00)"
ASV_88,"d:Bacteria(1.00),p:Firmicutes(1.00),c:Clostridia(1.00),o:Clostridiales(1.00),f:Lachnospiraceae(1.00),g:Hungatella(0.49)"
ASV_86,"d:Bacteria(1.00),p:Bacteroidetes(1.00),c:Bacteroidia(1.00),o:Bacteroidales(1.00),f:Rikenellaceae(1.00),g:Alistipes(1.00)"
ASV_80,"d:Bacteria(1.00),p:Firmicutes(1.00),c:Clostridia(1.00),o:Clostridiales(1.00),f:Lachnospiraceae(1.00),g:Roseburia(1.00)"
ASV_81,"d:Bacteria(1.00),p:Bacteroidetes(1.00),c:Bacteroidia(1.00),o:Bacteroidales(1.00),f:Porphyromonadaceae(1.00),g:Parabacteroides(1.00)"
ASV_82,"d:Bacteria(1.00),p:Proteobacteria(1.00),c:Deltaproteobacteria(1.00),o:Desulfovibrionales(1.00),f:Desulfovibrionaceae(1.00),g:Bilophila(1.00)"
ASV_76,"d:Bacteria(1.00),p:Verrucomicrobia(1.00),c:Verrucomicrobiae(1.00),o:Verrucomicrobiales(1.00),f:Akkermansiaceae(1.00),g:Akkermansia(1.00)"
ASV_112,"d:Bacteria(1.00),p:Firmicutes(1.00),c:Negativicutes(1.00),o:Veillonellales(1.00),f:Veillonellaceae(1.00),g:Dialister(1.00)"
ASV_85,"d:Bacteria(1.00),p:Firmicutes(1.00),c:Clostridia(1.00),o:Clostridiales(1.00),f:Ruminococcaceae(1.00),g:Ruminococcus(1.00)"
ASV_84,"d:Bacteria(1.00),p:Firmicutes(0.93),c:Negativicutes(0.25),o:Selenomonadales(0.24),f:Sporomusaceae(0.24),g:Propionispora(0.04)"
ASV_87,"d:Bacteria(1.00),p:Firmicutes(1.00),c:Clostridia(1.00),o:Clostridiales(1.00),f:Lachnospiraceae(1.00),g:Lachnospira(0.90)"
ASV_105,"d:Bacteria(1.00),p:Firmicutes(1.00),c:Clostridia(1.00),o:Clostridiales(1.00),f:Lachnospiraceae(0.97),g:Enterocloster(0.38)"
ASV_91,"d:Bacteria(1.00),p:Firmicutes(1.00),c:Negativicutes(1.00),o:Veillonellales(1.00),f:Veillonellaceae(1.00),g:Dialister(1.00)"
ASV_97,"d:Bacteria(1.00),p:Firmicutes(1.00),c:Clostridia(1.00),o:Clostridiales(1.00),f:Lachnospiraceae(1.00),g:Anaerobutyricum(1.00)"
ASV_95,"d:Bacteria(1.00),p:Bacteroidetes(1.00),c:Bacteroidia(1.00),o:Bacteroidales(1.00),f:Bacteroidaceae(1.00),g:Bacteroides(1.00)"
ASV_94,"d:Bacteria(1.00),p:Firmicutes(1.00),c:Clostridia(1.00),o:Clostridiales(1.00),f:Clostridiaceae_1(1.00),g:Clostridium_sensu_stricto(1.00)"
ASV_89,"d:Bacteria(1.00),p:Fusobacteria(1.00),c:Fusobacteriia(1.00),o:Fusobacteriales(1.00),f:Fusobacteriaceae(1.00),g:Cetobacterium(1.00)"
ASV_90,"d:Bacteria(1.00),p:Firmicutes(0.99),c:Clostridia(0.98),o:Clostridiales(0.98),f:Ruminococcaceae(0.69),g:Clostridium_IV(0.32)"
ASV_93,"d:Bacteria(1.00),p:Firmicutes(1.00),c:Clostridia(1.00),o:Clostridiales(1.00),f:Lachnospiraceae(1.00),g:Blautia(1.00)"
ASV_101,"d:Bacteria(1.00),p:Firmicutes(1.00),c:Clostridia(1.00),o:Clostridiales(1.00),f:Lachnospiraceae(0.90),g:Lacrimispora(0.28)"
ASV_98,"d:Bacteria(1.00),p:Firmicutes(1.00),c:Clostridia(1.00),o:Clostridiales(1.00),f:Lachnospiraceae(1.00),g:Anaerostipes(1.00)"
ASV_100,"d:Bacteria(1.00),p:Bacteroidetes(1.00),c:Bacteroidia(1.00),o:Bacteroidales(1.00),f:Rikenellaceae(1.00),g:Alistipes(1.00)"
ASV_92,"d:Bacteria(1.00),p:Firmicutes(1.00),c:Clostridia(1.00),o:Clostridiales(1.00),f:Ruminococcaceae(1.00),g:Clostridium_IV(1.00)"
ASV_96,"d:Bacteria(1.00),p:Firmicutes(1.00),c:Negativicutes(1.00),o:Acidaminococcales(1.00),f:Acidaminococcaceae(1.00),g:Phascolarctobacterium(1.00)"
ASV_99,"d:Bacteria(1.00),p:Firmicutes(1.00),c:Clostridia(1.00),o:Clostridiales(1.00),f:Ruminococcaceae(1.00),g:Ruminococcus(0.99)"
ASV_102,"d:Bacteria(1.00),p:Bacteroidetes(1.00),c:Bacteroidia(1.00),o:Bacteroidales(1.00),f:Bacteroidaceae(1.00),g:Bacteroides(1.00)"
ASV_103,"d:Bacteria(1.00),p:Firmicutes(1.00),c:Clostridia(1.00),o:Clostridiales(1.00),f:Ruminococcaceae(1.00),g:Agathobaculum(1.00)"
ASV_106,"d:Bacteria(1.00),p:Firmicutes(1.00),c:Erysipelotrichia(1.00),o:Erysipelotrichales(1.00),f:Erysipelatoclostridiaceae(0.86),g:Erysipelatoclostridium(0.86)"
ASV_110,"d:Bacteria(1.00),p:Firmicutes(1.00),c:Clostridia(1.00),o:Clostridiales(1.00),f:Ruminococcaceae(1.00),g:Faecalibacterium(0.41)"
ASV_104,"d:Bacteria(1.00),p:Firmicutes(0.59),c:Clostridia(0.39),o:Clostridiales(0.37),f:Clostridiaceae_3(0.08),g:Brassicibacter(0.06)"
ASV_113,"d:Bacteria(1.00),p:Firmicutes(1.00),c:Clostridia(1.00),o:Clostridiales(1.00),f:Lachnospiraceae(1.00),g:Anaerobutyricum(1.00)"
ASV_108,"d:Bacteria(1.00),p:Firmicutes(1.00),c:Clostridia(1.00),o:Clostridiales(1.00),f:Lachnospiraceae(1.00),g:Lachnospira(0.93)"
ASV_107,"d:Bacteria(1.00),p:Firmicutes(1.00),c:Clostridia(1.00),o:Clostridiales(1.00),f:Ruminococcaceae(0.94),g:Intestinimonas(0.22)"
ASV_109,"d:Bacteria(1.00),p:Proteobacteria(1.00),c:Gammaproteobacteria(1.00),o:Enterobacterales(1.00),f:Enterobacteriaceae(0.61),g:Plesiomonas(0.60)"
ASV_111,"d:Bacteria(1.00),p:Firmicutes(1.00),c:Negativicutes(1.00),o:Veillonellales(1.00),f:Veillonellaceae(1.00),g:Veillonella(1.00)"
ASV_114,"d:Bacteria(1.00),p:Firmicutes(1.00),c:Clostridia(1.00),o:Clostridiales(1.00),f:Ruminococcaceae(1.00),g:Dysosmobacter(1.00)"
ASV_119,"d:Bacteria(1.00),p:Firmicutes(1.00),c:Clostridia(1.00),o:Clostridiales(1.00),f:Lachnospiraceae(1.00),g:Dorea(1.00)"
ASV_117,"d:Bacteria(1.00),p:Bacteroidetes(1.00),c:Bacteroidia(1.00),o:Bacteroidales(1.00),f:Bacteroidaceae(1.00),g:Bacteroides(1.00)"
ASV_115,"d:Bacteria(1.00),p:Proteobacteria(1.00),c:Betaproteobacteria(1.00),o:Burkholderiales(1.00),f:Sutterellaceae(1.00),g:Sutterella(1.00)"
ASV_118,"d:Bacteria(1.00),p:Proteobacteria(1.00),c:Deltaproteobacteria(1.00),o:Desulfovibrionales(1.00),f:Desulfovibrionaceae(1.00),g:Desulfovibrio(1.00)"
ASV_120,"d:Bacteria(1.00),p:Firmicutes(1.00),c:Clostridia(0.88),o:Clostridiales(0.88),f:Ruminococcaceae(0.81),g:Monoglobus(0.44)"
ASV_126,"d:Bacteria(1.00),p:Firmicutes(1.00),c:Clostridia(1.00),o:Clostridiales(1.00),f:Lachnospiraceae(1.00),g:Sellimonas(1.00)"
ASV_121,"d:Bacteria(1.00),p:Firmicutes(1.00),c:Clostridia(1.00),o:Clostridiales(1.00),f:Peptostreptococcaceae(1.00),g:Clostridioides(0.96)"
ASV_123,"d:Bacteria(1.00),p:Firmicutes(1.00),c:Clostridia(1.00),o:Clostridiales(1.00),f:Ruminococcaceae(1.00),g:Ruthenibacterium(1.00)"
ASV_122,"d:Bacteria(1.00),p:Fusobacteria(1.00),c:Fusobacteriia(1.00),o:Fusobacteriales(1.00),f:Fusobacteriaceae(1.00),g:Fusobacterium(1.00)"
ASV_124,"d:Bacteria(1.00),p:Firmicutes(1.00),c:Clostridia(1.00),o:Clostridiales(1.00),f:Lachnospiraceae(1.00),g:Coprococcus(1.00)"
ASV_127,"d:Bacteria(1.00),p:Bacteroidetes(1.00),c:Bacteroidia(1.00),o:Bacteroidales(1.00),f:Bacteroidaceae(1.00),g:Bacteroides(1.00)"
ASV_130,"d:Bacteria(1.00),p:Firmicutes(1.00),c:Clostridia(1.00),o:Clostridiales(1.00),f:Lachnospiraceae(0.91),g:Merdimonas(0.36)"
ASV_172,"d:Bacteria(1.00),p:Proteobacteria(1.00),c:Betaproteobacteria(1.00),o:Burkholderiales(0.95),f:Burkholderiales_incertae_sedis(0.06),g:Sphaerotilus(0.04)"
ASV_160,"d:Bacteria(1.00),p:Bacteroidetes(1.00),c:Bacteroidia(1.00),o:Bacteroidales(1.00),f:Odoribacteraceae(1.00),g:Butyricimonas(1.00)"
ASV_129,"d:Bacteria(1.00),p:Firmicutes(1.00),c:Clostridia(1.00),o:Clostridiales(1.00),f:Lachnospiraceae(0.95),g:Blautia(0.34)"
ASV_125,"d:Bacteria(1.00),p:Firmicutes(1.00),c:Bacilli(1.00),o:Lactobacillales(1.00),f:Enterococcaceae(1.00),g:Enterococcus(0.98)"
ASV_128,"d:Bacteria(1.00),p:Firmicutes(1.00),c:Clostridia(1.00),o:Clostridiales(1.00),f:Lachnospiraceae(1.00),g:Clostridium_XlVa(0.71)"
ASV_131,"d:Bacteria(1.00),p:Bacteroidetes(1.00),c:Bacteroidia(1.00),o:Bacteroidales(1.00),f:Odoribacteraceae(1.00),g:Odoribacter(1.00)"
ASV_132,"d:Bacteria(1.00),p:Firmicutes(1.00),c:Erysipelotrichia(1.00),o:Erysipelotrichales(1.00),f:Erysipelotrichaceae(1.00),g:Holdemanella(1.00)"
ASV_137,"d:Bacteria(1.00),p:Firmicutes(1.00),c:Clostridia(1.00),o:Clostridiales(1.00),f:Lachnospiraceae(0.99),g:Extibacter(0.17)"
ASV_151,"d:Bacteria(1.00),p:Firmicutes(1.00),c:Clostridia(1.00),o:Clostridiales(1.00),f:Lachnospiraceae(1.00),g:Dorea(0.83)"
ASV_152,"d:Bacteria(1.00),p:Firmicutes(1.00),c:Clostridia(1.00),o:Clostridiales(1.00),f:Ruminococcaceae(0.07),g:Acetivibrio(0.07)"
ASV_134,"d:Bacteria(1.00),p:Firmicutes(1.00),c:Clostridia(1.00),o:Clostridiales(1.00),f:Lachnospiraceae(1.00),g:Lachnospira(0.84)"
ASV_138,"d:Bacteria(1.00),p:Firmicutes(1.00),c:Clostridia(1.00),o:Clostridiales(1.00),f:Lachnospiraceae(1.00),g:Enterocloster(0.96)"
ASV_133,"d:Bacteria(1.00),p:Proteobacteria(1.00),c:Gammaproteobacteria(1.00),o:Pseudomonadales(1.00),f:Moraxellaceae(1.00),g:Acinetobacter(1.00)"
ASV_140,"d:Bacteria(1.00),p:Bacteroidetes(1.00),c:Bacteroidia(1.00),o:Bacteroidales(1.00),f:Bacteroidaceae(1.00),g:Bacteroides(0.57)"
ASV_135,"d:Bacteria(1.00),p:Proteobacteria(1.00),c:Betaproteobacteria(1.00),o:Burkholderiales(1.00),f:Sutterellaceae(1.00),g:Sutterella(1.00)"
ASV_141,"d:Bacteria(1.00),p:Firmicutes(1.00),c:Clostridia(1.00),o:Clostridiales(1.00),f:Lachnospiraceae(1.00),g:Lachnospiracea_incertae_sedis(0.98)"
ASV_143,"d:Bacteria(1.00),p:Proteobacteria(1.00),c:Betaproteobacteria(1.00),o:Burkholderiales(1.00),f:Sutterellaceae(1.00),g:Sutterella(1.00)"
ASV_136,"d:Bacteria(1.00),p:Bacteroidetes(1.00),c:Bacteroidia(1.00),o:Bacteroidales(1.00),f:Rikenellaceae(1.00),g:Alistipes(1.00)"
ASV_144,"d:Bacteria(1.00),p:Firmicutes(1.00),c:Clostridia(1.00),o:Clostridiales(1.00),f:Lachnospiraceae(1.00),g:Ruminococcus2(0.94)"
ASV_139,"d:Bacteria(1.00),p:Firmicutes(1.00),c:Negativicutes(1.00),o:Veillonellales(1.00),f:Veillonellaceae(1.00),g:Veillonella(1.00)"
ASV_145,"d:Bacteria(1.00),p:Firmicutes(1.00),c:Clostridia(1.00),o:Clostridiales(1.00),f:Lachnospiraceae(0.75),g:Roseburia(0.43)"
ASV_142,"d:Bacteria(1.00),p:Firmicutes(1.00),c:Clostridia(1.00),o:Clostridiales(1.00),f:Ruminococcaceae(1.00),g:Dysosmobacter(0.01)"
ASV_155,"d:Bacteria(1.00),p:Firmicutes(0.99),c:Erysipelotrichia(0.98),o:Erysipelotrichales(0.98),f:Erysipelotrichaceae(0.98),g:Longicatena(0.74)"
ASV_150,"d:Bacteria(1.00),p:Firmicutes(1.00),c:Negativicutes(1.00),o:Veillonellales(1.00),f:Veillonellaceae(1.00),g:Megasphaera(1.00)"
ASV_148,"d:Bacteria(1.00),p:Firmicutes(1.00),c:Clostridia(1.00),o:Clostridiales(1.00),f:Lachnospiraceae(1.00),g:Anaerotignum(1.00)"
ASV_149,"d:Bacteria(1.00),p:Bacteroidetes(1.00),c:Bacteroidia(1.00),o:Bacteroidales(1.00),f:Bacteroidaceae(1.00),g:Bacteroides(1.00)"
ASV_153,"d:Bacteria(1.00),p:Firmicutes(0.99),c:Clostridia(0.99),o:Clostridiales(0.99),f:Lachnospiraceae(0.98),g:Clostridium_XlVa(0.23)"
ASV_156,"d:Bacteria(1.00),p:Firmicutes(1.00),c:Clostridia(1.00),o:Clostridiales(1.00),f:Clostridiaceae_1(1.00),g:Clostridium_sensu_stricto(1.00)"
ASV_164,"d:Bacteria(1.00),p:Firmicutes(1.00),c:Clostridia(1.00),o:Clostridiales(1.00),f:Lachnospiraceae(1.00),g:Murimonas(0.01)"
ASV_146,"d:Bacteria(1.00),p:Actinobacteria(1.00),c:Coriobacteriia(1.00),o:Coriobacteriales(1.00),f:Coriobacteriaceae(1.00),g:Collinsella(1.00)"
ASV_157,"d:Bacteria(1.00),p:Bacteroidetes(1.00),c:Bacteroidia(1.00),o:Bacteroidales(1.00),f:Bacteroidaceae(1.00),g:Phocaeicola(1.00)"
ASV_161,"d:Bacteria(1.00),p:Firmicutes(1.00),c:Clostridia(1.00),o:Clostridiales(1.00),f:Lachnospiraceae(1.00),g:Blautia(0.84)"
ASV_158,"d:Bacteria(1.00),p:Firmicutes(1.00),c:Negativicutes(1.00),o:Veillonellales(1.00),f:Veillonellaceae(1.00),g:Megasphaera(1.00)"
ASV_292,"d:Bacteria(1.00),p:Bacteroidetes(1.00),c:Bacteroidia(1.00),o:Bacteroidales(1.00),f:Bacteroidaceae(1.00),g:Phocaeicola(0.53)"
ASV_166,"d:Bacteria(1.00),p:Bacteroidetes(1.00),c:Bacteroidia(1.00),o:Bacteroidales(1.00),f:Bacteroidaceae(1.00),g:Phocaeicola(0.85)"
ASV_162,"d:Bacteria(1.00),p:Firmicutes(1.00),c:Negativicutes(1.00),o:Acidaminococcales(1.00),f:Acidaminococcaceae(1.00),g:Acidaminococcus(1.00)"
ASV_168,"d:Bacteria(1.00),p:Firmicutes(1.00),c:Clostridia(1.00),o:Clostridiales(1.00),f:Lachnospiraceae(0.98),g:Enterocloster(0.39)"
ASV_177,"d:Bacteria(1.00),p:Firmicutes(1.00),c:Clostridia(1.00),o:Clostridiales(1.00),f:Lachnospiraceae(0.96),g:Roseburia(0.67)"
ASV_167,"d:Bacteria(1.00),p:Bacteroidetes(1.00),c:Bacteroidia(1.00),o:Bacteroidales(1.00),f:Bacteroidaceae(1.00),g:Bacteroides(1.00)"
ASV_169,"d:Bacteria(1.00),p:Firmicutes(1.00),c:Clostridia(1.00),o:Clostridiales(1.00),f:Lachnospiraceae(1.00),g:Blautia(1.00)"
ASV_159,"d:Bacteria(1.00),p:Firmicutes(1.00),c:Bacilli(1.00),o:Lactobacillales(1.00),f:Enterococcaceae(1.00),g:Enterococcus(1.00)"
ASV_165,"d:Bacteria(1.00),p:Actinobacteria(1.00),c:Actinobacteria(1.00),o:Bifidobacteriales(1.00),f:Bifidobacteriaceae(1.00),g:Bifidobacterium(1.00)"
ASV_183,"d:Bacteria(1.00),p:Firmicutes(1.00),c:Bacilli(1.00),o:Lactobacillales(1.00),f:Streptococcaceae(1.00),g:Streptococcus(1.00)"
ASV_173,"d:Bacteria(1.00),p:Firmicutes(1.00),c:Clostridia(1.00),o:Clostridiales(1.00),f:Lachnospiraceae(1.00),g:Anaerotignum(1.00)"
ASV_182,"d:Bacteria(1.00),p:Firmicutes(1.00),c:Clostridia(1.00),o:Clostridiales(1.00),f:Lachnospiraceae(1.00),g:Enterocloster(1.00)"
ASV_176,"d:Bacteria(1.00),p:Firmicutes(1.00),c:Clostridia(1.00),o:Clostridiales(1.00),f:Lachnospiraceae(1.00),g:Blautia(1.00)"
ASV_564,"d:Bacteria(1.00),p:Firmicutes(1.00),c:Clostridia(1.00),o:Clostridiales(1.00),f:Ruminococcaceae(1.00),g:Flintibacter(0.92)"
ASV_180,"d:Bacteria(1.00),p:Bacteroidetes(1.00),c:Bacteroidia(1.00),o:Bacteroidales(1.00),f:Prevotellaceae(1.00),g:Paraprevotella(1.00)"
ASV_171,"d:Bacteria(1.00),p:Proteobacteria(1.00),c:Gammaproteobacteria(1.00),o:Enterobacterales(1.00),f:Yersiniaceae(0.95),g:Yersinia(0.87)"
ASV_184,"d:Bacteria(1.00),p:Firmicutes(1.00),c:Clostridia(1.00),o:Clostridiales(1.00),f:Lachnospiraceae(1.00),g:Mediterraneibacter(0.97)"
ASV_175,"d:Bacteria(1.00),p:Firmicutes(1.00),c:Clostridia(1.00),o:Clostridiales(1.00),f:Ruminococcaceae(1.00),g:Anaerotruncus(1.00)"
ASV_178,"d:Bacteria(1.00),p:Firmicutes(1.00),c:Clostridia(1.00),o:Clostridiales(1.00),f:Lachnospiraceae(1.00),g:Blautia(1.00)"
ASV_174,"d:Bacteria(1.00),p:Bacteroidetes(1.00),c:Bacteroidia(1.00),o:Bacteroidales(1.00),f:Rikenellaceae(1.00),g:Alistipes(1.00)"
ASV_186,"d:Bacteria(1.00),p:Bacteroidetes(1.00),c:Bacteroidia(1.00),o:Bacteroidales(1.00),f:Porphyromonadaceae(1.00),g:Parabacteroides(1.00)"
ASV_192,"d:Bacteria(1.00),p:Firmicutes(1.00),c:Clostridia(1.00),o:Clostridiales(1.00),f:Lachnospiraceae(1.00),g:Anaerostipes(1.00)"
ASV_181,"d:Bacteria(1.00),p:Firmicutes(1.00),c:Clostridia(1.00),o:Clostridiales(1.00),f:Lachnospiraceae(1.00),g:Clostridium_XlVa(1.00)"
ASV_185,"d:Bacteria(1.00),p:Firmicutes(1.00),c:Negativicutes(1.00),o:Veillonellales(1.00),f:Veillonellaceae(1.00),g:Veillonella(1.00)"
ASV_188,"d:Bacteria(1.00),p:Firmicutes(1.00),c:Clostridia(1.00),o:Clostridiales(1.00),f:Lachnospiraceae(0.88),g:Blautia(0.05)"
ASV_196,"d:Bacteria(1.00),p:Bacteroidetes(1.00),c:Bacteroidia(1.00),o:Bacteroidales(1.00),f:Porphyromonadaceae(1.00),g:Parabacteroides(1.00)"
ASV_187,"d:Bacteria(1.00),p:Bacteroidetes(1.00),c:Bacteroidia(1.00),o:Bacteroidales(1.00),f:Bacteroidaceae(0.99),g:Bacteroides(0.99)"
ASV_200,"d:Bacteria(1.00),p:Firmicutes(1.00),c:Bacilli(1.00),o:Lactobacillales(1.00),f:Streptococcaceae(1.00),g:Streptococcus(1.00)"
ASV_191,"d:Bacteria(1.00),p:Firmicutes(1.00),c:Clostridia(1.00),o:Clostridiales(1.00),f:Gracilibacteraceae(0.06),g:Lutispora(0.06)"
ASV_190,"d:Bacteria(1.00),p:Proteobacteria(1.00),c:Deltaproteobacteria(1.00),o:Desulfovibrionales(1.00),f:Desulfovibrionaceae(1.00),g:Bilophila(1.00)"
ASV_198,"d:Bacteria(1.00),p:Firmicutes(1.00),c:Clostridia(1.00),o:Clostridiales(1.00),f:Lachnospiraceae(0.99),g:Blautia(0.76)"
ASV_438,"d:Bacteria(1.00),p:Bacteroidetes(1.00),c:Bacteroidia(1.00),o:Bacteroidales(1.00),f:Barnesiellaceae(1.00),g:Barnesiella(1.00)"
ASV_193,"d:Bacteria(1.00),p:Firmicutes(1.00),c:Clostridia(1.00),o:Clostridiales(1.00),f:Ruminococcaceae(1.00),g:Clostridium_IV(1.00)"
ASV_194,"d:Bacteria(1.00),p:Firmicutes(1.00),c:Clostridia(1.00),o:Clostridiales(1.00),f:Ruminococcaceae(1.00),g:Ruminococcus(0.43)"
ASV_195,"d:Bacteria(1.00),p:Firmicutes(1.00),c:Clostridia(1.00),o:Clostridiales(1.00),f:Ruminococcaceae(1.00),g:Agathobaculum(1.00)"
ASV_197,"d:Bacteria(1.00),p:Firmicutes(1.00),c:Clostridia(1.00),o:Clostridiales(1.00),f:Ruminococcaceae(1.00),g:Clostridium_IV(0.22)"
ASV_199,"d:Bacteria(1.00),p:Firmicutes(1.00),c:Clostridia(1.00),o:Clostridiales(1.00),f:Ruminococcaceae(1.00),g:Colidextribacter(0.04)"
ASV_201,"d:Bacteria(1.00),p:Firmicutes(1.00),c:Clostridia(1.00),o:Clostridiales(1.00),f:Lachnospiraceae(1.00),g:Blautia(1.00)"
ASV_202,"d:Bacteria(1.00),p:Proteobacteria(1.00),c:Betaproteobacteria(1.00),o:Burkholderiales(1.00),f:Sutterellaceae(1.00),g:Parasutterella(1.00)"
ASV_189,"d:Bacteria(1.00),p:Verrucomicrobia(1.00),c:Verrucomicrobiae(1.00),o:Verrucomicrobiales(1.00),f:Akkermansiaceae(1.00),g:Akkermansia(1.00)"
ASV_203,"d:Bacteria(1.00),p:Firmicutes(1.00),c:Clostridia(1.00),o:Clostridiales(1.00),f:Ruminococcaceae(1.00),g:Ruminococcus(1.00)"
ASV_204,"d:Bacteria(1.00),p:Firmicutes(1.00),c:Clostridia(1.00),o:Clostridiales(1.00),f:Lachnospiraceae(1.00),g:Lachnospiracea_incertae_sedis(0.78)"
ASV_209,"d:Bacteria(1.00),p:Bacteroidetes(1.00),c:Bacteroidia(1.00),o:Bacteroidales(1.00),f:Bacteroidaceae(1.00),g:Mediterranea(0.76)"
ASV_207,"d:Bacteria(1.00),p:Bacteroidetes(1.00),c:Bacteroidia(1.00),o:Bacteroidales(1.00),f:Bacteroidaceae(1.00),g:Bacteroides(1.00)"
ASV_206,"d:Bacteria(1.00),p:Firmicutes(1.00),c:Clostridia(1.00),o:Clostridiales(1.00),f:Lachnospiraceae(1.00),g:Robinsoniella(1.00)"
ASV_218,"d:Bacteria(1.00),p:Firmicutes(1.00),c:Clostridia(1.00),o:Clostridiales(1.00),f:Lachnospiraceae(1.00),g:Hungatella(1.00)"
ASV_211,"d:Bacteria(1.00),p:Bacteroidetes(1.00),c:Bacteroidia(1.00),o:Bacteroidales(1.00),f:Rikenellaceae(1.00),g:Alistipes(1.00)"
ASV_208,"d:Bacteria(1.00),p:Bacteroidetes(1.00),c:Bacteroidia(1.00),o:Bacteroidales(1.00),f:Rikenellaceae(1.00),g:Alistipes(1.00)"
ASV_205,"d:Bacteria(1.00),p:Bacteroidetes(1.00),c:Bacteroidia(1.00),o:Bacteroidales(1.00),f:Prevotellaceae(1.00),g:Prevotella(1.00)"
ASV_227,"d:Bacteria(1.00),p:Firmicutes(1.00),c:Clostridia(1.00),o:Clostridiales(1.00),f:Ruminococcaceae(1.00),g:Clostridium_IV(0.92)"
ASV_212,"d:Bacteria(1.00),p:Firmicutes(1.00),c:Clostridia(1.00),o:Clostridiales(1.00),f:Ruminococcaceae(1.00),g:Faecalibacterium(1.00)"
ASV_215,"d:Bacteria(1.00),p:Firmicutes(1.00),c:Clostridia(1.00),o:Clostridiales(1.00),f:Eubacteriaceae(0.99),g:Eubacterium(0.99)"
ASV_220,"d:Bacteria(1.00),p:Bacteroidetes(1.00),c:Bacteroidia(0.89),o:Bacteroidales(0.89),f:Porphyromonadaceae(0.28),g:Porphyromonas(0.19)"
ASV_219,"d:Bacteria(1.00),p:Bacteroidetes(1.00),c:Bacteroidia(1.00),o:Bacteroidales(1.00),f:Bacteroidaceae(1.00),g:Phocaeicola(1.00)"
ASV_242,"d:Bacteria(1.00),p:Bacteroidetes(1.00),c:Bacteroidia(1.00),o:Bacteroidales(1.00),f:Bacteroidaceae(1.00),g:Bacteroides(1.00)"
ASV_245,"d:Bacteria(1.00),p:Firmicutes(1.00),c:Clostridia(1.00),o:Clostridiales(1.00),f:Lachnospiraceae(0.99),g:Blautia(0.49)"
ASV_223,"d:Bacteria(1.00),p:Firmicutes(1.00),c:Clostridia(1.00),o:Clostridiales(1.00),f:Lachnospiraceae(1.00),g:Coprococcus(0.99)"
ASV_225,"d:Bacteria(1.00),p:Firmicutes(1.00),c:Bacilli(1.00),o:Lactobacillales(1.00),f:Streptococcaceae(1.00),g:Streptococcus(1.00)"
ASV_231,"d:Bacteria(1.00),p:Proteobacteria(1.00),c:Betaproteobacteria(1.00),o:Burkholderiales(1.00),f:Comamonadaceae(1.00),g:Comamonas(1.00)"
ASV_248,"d:Bacteria(1.00),p:Firmicutes(1.00),c:Clostridia(1.00),o:Clostridiales(1.00),f:Lachnospiraceae(0.92),g:Enterocloster(0.47)"
ASV_222,"d:Bacteria(1.00),p:Firmicutes(1.00),c:Clostridia(1.00),o:Clostridiales(1.00),f:Lachnospiraceae(1.00),g:Dorea(0.91)"
ASV_251,"d:Bacteria(1.00),p:Bacteroidetes(1.00),c:Bacteroidia(1.00),o:Bacteroidales(1.00),f:Porphyromonadaceae(1.00),g:Parabacteroides(1.00)"
ASV_221,"d:Bacteria(1.00),p:Firmicutes(1.00),c:Negativicutes(1.00),o:Veillonellales(1.00),f:Veillonellaceae(1.00),g:Dialister(1.00)"
ASV_216,"d:Bacteria(1.00),p:Bacteroidetes(1.00),c:Bacteroidia(1.00),o:Bacteroidales(1.00),f:Bacteroidaceae(1.00),g:Phocaeicola(0.59)"
ASV_217,"d:Bacteria(1.00),p:Firmicutes(1.00),c:Clostridia(1.00),o:Clostridiales(1.00),f:Lachnospiraceae(1.00),g:Lachnospiracea_incertae_sedis(0.96)"
ASV_239,"d:Bacteria(1.00),p:Proteobacteria(1.00),c:Betaproteobacteria(1.00),o:Burkholderiales(1.00),f:Sutterellaceae(1.00),g:Sutterella(1.00)"
ASV_213,"d:Bacteria(1.00),p:Campilobacterota(1.00),c:Campylobacteria(1.00),o:Campylobacterales(1.00),f:Campylobacteraceae(1.00),g:Campylobacter(1.00)"
ASV_224,"d:Bacteria(1.00),p:Firmicutes(1.00),c:Clostridia(1.00),o:Clostridiales(1.00),f:Clostridiaceae_1(1.00),g:Clostridium_sensu_stricto(1.00)"
ASV_250,"d:Bacteria(1.00),p:Firmicutes(1.00),c:Clostridia(1.00),o:Clostridiales(1.00),f:Lachnospiraceae(0.96),g:Lacrimispora(0.16)"
ASV_233,"d:Bacteria(1.00),p:Firmicutes(1.00),c:Clostridia(1.00),o:Clostridiales(1.00),f:Lachnospiraceae(1.00),g:Anaerobutyricum(1.00)"
ASV_238,"d:Bacteria(1.00),p:Firmicutes(1.00),c:Clostridia(1.00),o:Clostridiales(1.00),f:Ruminococcaceae(1.00),g:Subdoligranulum(0.21)"
ASV_229,"d:Bacteria(1.00),p:Firmicutes(1.00),c:Clostridia(1.00),o:Clostridiales(1.00),f:Lachnospiraceae(1.00),g:Frisingicoccus(1.00)"
ASV_226,"d:Bacteria(1.00),p:Fusobacteria(1.00),c:Fusobacteriia(1.00),o:Fusobacteriales(1.00),f:Fusobacteriaceae(1.00),g:Fusobacterium(1.00)"
ASV_234,"d:Bacteria(1.00),p:Firmicutes(1.00),c:Clostridia(1.00),o:Clostridiales(1.00),f:Lachnospiraceae(1.00),g:Lachnospiracea_incertae_sedis(0.28)"
ASV_230,"d:Bacteria(1.00),p:Firmicutes(1.00),c:Clostridia(1.00),o:Clostridiales(1.00),f:Clostridiaceae_1(1.00),g:Clostridium_sensu_stricto(1.00)"
ASV_240,"d:Bacteria(1.00),p:Firmicutes(1.00),c:Clostridia(1.00),o:Clostridiales(1.00),f:Ruminococcaceae(0.84),g:Agathobaculum(0.84)"
ASV_243,"d:Bacteria(1.00),p:Firmicutes(1.00),c:Clostridia(1.00),o:Clostridiales(1.00),f:Lachnospiraceae(1.00),g:Lachnospiracea_incertae_sedis(0.68)"
ASV_237,"d:Bacteria(1.00),p:Firmicutes(1.00),c:Clostridia(1.00),o:Clostridiales(1.00),f:Lachnospiraceae(0.93),g:Parasporobacterium(0.05)"
ASV_241,"d:Bacteria(1.00),p:Firmicutes(1.00),c:Clostridia(1.00),o:Clostridiales(1.00),f:Ruminococcaceae(1.00),g:Dysosmobacter(0.42)"
ASV_235,"d:Bacteria(1.00),p:Firmicutes(1.00),c:Negativicutes(1.00),o:Veillonellales(1.00),f:Veillonellaceae(1.00),g:Megasphaera(0.96)"
ASV_269,"d:Bacteria(1.00),p:Firmicutes(1.00),c:Erysipelotrichia(1.00),o:Erysipelotrichales(1.00),f:Erysipelotrichaceae(1.00),g:Holdemanella(1.00)"
ASV_313,"d:Bacteria(1.00),p:Bacteroidetes(1.00),c:Bacteroidia(1.00),o:Bacteroidales(1.00),f:Bacteroidaceae(1.00),g:Bacteroides(1.00)"
ASV_228,"d:Bacteria(1.00),p:Proteobacteria(1.00),c:Gammaproteobacteria(1.00),o:Pseudomonadales(1.00),f:Moraxellaceae(1.00),g:Acinetobacter(1.00)"
ASV_236,"d:Bacteria(1.00),p:Firmicutes(1.00),c:Clostridia(1.00),o:Clostridiales(1.00),f:Ruminococcaceae(0.71),g:Tepidibaculum(0.29)"
ASV_249,"d:Bacteria(1.00),p:Firmicutes(1.00),c:Clostridia(1.00),o:Clostridiales(1.00),f:Lachnospiraceae(1.00),g:Anaerotignum(1.00)"
ASV_244,"d:Bacteria(1.00),p:Firmicutes(1.00),c:Clostridia(1.00),o:Clostridiales(1.00),f:Lachnospiraceae(1.00),g:Anaerobutyricum(1.00)"
ASV_232,"d:Bacteria(1.00),p:Proteobacteria(1.00),c:Gammaproteobacteria(1.00),o:Pasteurellales(1.00),f:Pasteurellaceae(1.00),g:Haemophilus(0.91)"
ASV_246,"d:Bacteria(1.00),p:Firmicutes(1.00),c:Clostridia(1.00),o:Clostridiales(1.00),f:Lachnospiraceae(0.87),g:Anaerotignum(0.85)"
ASV_252,"d:Bacteria(1.00),p:Firmicutes(1.00),c:Negativicutes(1.00),o:Veillonellales(1.00),f:Veillonellaceae(1.00),g:Allisonella(1.00)"
ASV_259,"d:Bacteria(1.00),p:Firmicutes(1.00),c:Bacilli(1.00),o:Lactobacillales(1.00),f:Lactobacillaceae(1.00),g:Limosilactobacillus(1.00)"
ASV_254,"d:Bacteria(1.00),p:Bacteroidetes(1.00),c:Bacteroidia(1.00),o:Bacteroidales(1.00),f:Bacteroidaceae(1.00),g:Bacteroides(1.00)"
ASV_258,"d:Bacteria(1.00),p:Firmicutes(1.00),c:Bacilli(1.00),o:Lactobacillales(1.00),f:Lactobacillaceae(1.00),g:Liquorilactobacillus(0.07)"
ASV_262,"d:Bacteria(1.00),p:Firmicutes(1.00),c:Clostridia(1.00),o:Clostridiales(1.00),f:Ruminococcaceae(1.00),g:Negativibacillus(0.89)"
ASV_263,"d:Bacteria(1.00),p:Firmicutes(1.00),c:Clostridia(1.00),o:Clostridiales(1.00),f:Ruminococcaceae(1.00),g:Lawsonibacter(1.00)"
ASV_265,"d:Bacteria(1.00),p:Bacteroidetes(1.00),c:Bacteroidia(1.00),o:Bacteroidales(1.00),f:Porphyromonadaceae(1.00),g:Parabacteroides(1.00)"
ASV_257,"d:Bacteria(1.00),p:Bacteroidetes(1.00),c:Bacteroidia(1.00),o:Bacteroidales(1.00),f:Odoribacteraceae(1.00),g:Butyricimonas(1.00)"
ASV_255,"d:Bacteria(1.00),p:Firmicutes(1.00),c:Negativicutes(1.00),o:Acidaminococcales(1.00),f:Acidaminococcaceae(1.00),g:Acidaminococcus(1.00)"
ASV_266,"d:Bacteria(1.00),p:Actinobacteria(1.00),c:Coriobacteriia(1.00),o:Eggerthellales(1.00),f:Eggerthellaceae(1.00),g:Eggerthella(1.00)"
ASV_318,"d:Bacteria(1.00),p:Proteobacteria(1.00),c:Betaproteobacteria(1.00),o:Burkholderiales(1.00),f:Comamonadaceae(1.00),g:Comamonas(0.99)"
ASV_256,"d:Bacteria(1.00),p:Bacteroidetes(1.00),c:Bacteroidia(1.00),o:Bacteroidales(1.00),f:Rikenellaceae(1.00),g:Alistipes(1.00)"
ASV_329,"d:Bacteria(1.00),p:Proteobacteria(1.00),c:Gammaproteobacteria(1.00),o:Enterobacterales(1.00),f:Erwiniaceae(0.30),g:Pantoea(0.30)"
ASV_253,"d:Bacteria(1.00),p:Firmicutes(1.00),c:Negativicutes(1.00),o:Veillonellales(1.00),f:Veillonellaceae(1.00),g:Allisonella(1.00)"
ASV_268,"d:Bacteria(1.00),p:Firmicutes(1.00),c:Clostridia(1.00),o:Clostridiales(1.00),f:Lachnospiraceae(1.00),g:Mediterraneibacter(0.64)"
ASV_273,"d:Bacteria(1.00),p:Firmicutes(1.00),c:Clostridia(1.00),o:Clostridiales(1.00),f:Lachnospiraceae(1.00),g:Blautia(0.95)"
ASV_279,"d:Bacteria(1.00),p:Bacteroidetes(1.00),c:Bacteroidia(1.00),o:Bacteroidales(1.00),f:Bacteroidaceae(1.00),g:Bacteroides(0.95)"
ASV_298,"d:Bacteria(1.00),p:Bacteroidetes(1.00),c:Bacteroidia(1.00),o:Bacteroidales(1.00),f:Bacteroidaceae(1.00),g:Bacteroides(1.00)"
ASV_267,"d:Bacteria(1.00),p:Firmicutes(1.00),c:Clostridia(1.00),o:Clostridiales(1.00),f:Ruminococcaceae(1.00),g:Pseudoflavonifractor(0.96)"
ASV_277,"d:Bacteria(1.00),p:Firmicutes(1.00),c:Clostridia(1.00),o:Clostridiales(1.00),f:Lachnospiraceae(1.00),g:Mediterraneibacter(0.96)"
ASV_260,"d:Bacteria(1.00),p:Bacteroidetes(1.00),c:Bacteroidia(1.00),o:Bacteroidales(1.00),f:Bacteroidaceae(1.00),g:Phocaeicola(1.00)"
ASV_264,"d:Bacteria(1.00),p:Bacteroidetes(1.00),c:Bacteroidia(1.00),o:Bacteroidales(1.00),f:Rikenellaceae(1.00),g:Alistipes(1.00)"
ASV_272,"d:Bacteria(1.00),p:Firmicutes(1.00),c:Clostridia(1.00),o:Clostridiales(1.00),f:Lachnospiraceae(0.99),g:Lacrimispora(0.05)"
ASV_280,"d:Bacteria(1.00),p:Firmicutes(1.00),c:Clostridia(1.00),o:Clostridiales(1.00),f:Peptostreptococcaceae(1.00),g:Terrisporobacter(0.98)"
ASV_305,"d:Bacteria(1.00),p:Bacteroidetes(1.00),c:Bacteroidia(1.00),o:Bacteroidales(1.00),f:Bacteroidaceae(1.00),g:Phocaeicola(0.67)"
ASV_281,"d:Bacteria(1.00),p:Bacteroidetes(1.00),c:Bacteroidia(1.00),o:Bacteroidales(1.00),f:Bacteroidaceae(0.98),g:Bacteroides(0.92)"
ASV_278,"d:Bacteria(1.00),p:Bacteroidetes(1.00),c:Bacteroidia(1.00),o:Bacteroidales(1.00),f:Porphyromonadaceae(1.00),g:Parabacteroides(1.00)"
ASV_261,"d:Bacteria(1.00),p:Firmicutes(1.00),c:Clostridia(1.00),o:Clostridiales(1.00),f:Lachnospiraceae(0.94),g:Mordavella(0.02)"
ASV_291,"d:Bacteria(1.00),p:Firmicutes(1.00),c:Clostridia(1.00),o:Clostridiales(1.00),f:Lachnospiraceae(1.00),g:Faecalicatena(0.96)"
ASV_283,"d:Bacteria(1.00),p:Firmicutes(1.00),c:Clostridia(1.00),o:Clostridiales(1.00),f:Lachnospiraceae(1.00),g:Blautia(1.00)"
ASV_270,"d:Bacteria(1.00),p:Firmicutes(1.00),c:Clostridia(1.00),o:Clostridiales(1.00),f:Lachnospiraceae(0.98),g:Syntrophococcus(0.05)"
ASV_284,"d:Bacteria(1.00),p:Firmicutes(1.00),c:Erysipelotrichia(1.00),o:Erysipelotrichales(1.00),f:Erysipelotrichaceae(1.00),g:Turicibacter(1.00)"
ASV_285,"d:Bacteria(1.00),p:Firmicutes(1.00),c:Clostridia(1.00),o:Clostridiales(1.00),f:Lachnospiraceae(0.93),g:Merdimonas(0.27)"
ASV_397,"d:Bacteria(1.00),p:Proteobacteria(1.00),c:Gammaproteobacteria(1.00),o:Pseudomonadales(1.00),f:Pseudomonadaceae(1.00),g:Pseudomonas(1.00)"
ASV_274,"d:Bacteria(1.00),p:Firmicutes(1.00),c:Negativicutes(1.00),o:Veillonellales(1.00),f:Veillonellaceae(1.00),g:Megasphaera(1.00)"
ASV_293,"d:Bacteria(1.00),p:Bacteroidetes(1.00),c:Bacteroidia(1.00),o:Bacteroidales(1.00),f:Barnesiellaceae(1.00),g:Barnesiella(1.00)"
ASV_275,"d:Bacteria(1.00),p:Firmicutes(1.00),c:Clostridia(1.00),o:Clostridiales(1.00),f:Ruminococcaceae(1.00),g:Agathobaculum(1.00)"
ASV_287,"d:Bacteria(1.00),p:Bacteroidetes(1.00),c:Bacteroidia(1.00),o:Bacteroidales(1.00),f:Bacteroidaceae(1.00),g:Bacteroides(0.99)"
ASV_271,"d:Bacteria(1.00),p:Firmicutes(1.00),c:Erysipelotrichia(1.00),o:Erysipelotrichales(1.00),f:Erysipelotrichaceae(1.00),g:Faecalitalea(1.00)"
ASV_314,"d:Bacteria(1.00),p:Firmicutes(1.00),c:Clostridia(1.00),o:Clostridiales(1.00),f:Lachnospiraceae(1.00),g:Faecalimonas(0.97)"
ASV_276,"d:Bacteria(1.00),p:Bacteroidetes(1.00),c:Bacteroidia(1.00),o:Bacteroidales(1.00),f:Prevotellaceae(1.00),g:Prevotella(1.00)"
ASV_295,"d:Bacteria(1.00),p:Firmicutes(1.00),c:Erysipelotrichia(1.00),o:Erysipelotrichales(1.00),f:Erysipelotrichaceae(1.00),g:Turicibacter(1.00)"
ASV_288,"d:Bacteria(1.00),p:Proteobacteria(1.00),c:Betaproteobacteria(1.00),o:Burkholderiales(1.00),f:Sutterellaceae(1.00),g:Sutterella(1.00)"
ASV_282,"d:Bacteria(1.00),p:Firmicutes(1.00),c:Bacilli(1.00),o:Lactobacillales(1.00),f:Lactobacillaceae(1.00),g:Leuconostoc(1.00)"
ASV_301,"d:Bacteria(1.00),p:Firmicutes(1.00),c:Clostridia(1.00),o:Clostridiales(1.00),f:Eubacteriaceae(0.49),g:Eubacterium(0.49)"
ASV_294,"d:Bacteria(1.00),p:Bacteroidetes(1.00),c:Bacteroidia(1.00),o:Bacteroidales(1.00),f:Porphyromonadaceae(1.00),g:Parabacteroides(1.00)"
ASV_317,"d:Bacteria(1.00),p:Firmicutes(1.00),c:Clostridia(1.00),o:Clostridiales(1.00),f:Lachnospiraceae(1.00),g:Kineothrix(0.46)"
ASV_297,"d:Bacteria(1.00),p:Firmicutes(1.00),c:Clostridia(1.00),o:Clostridiales(1.00),f:Lachnospiraceae(0.98),g:Enterocloster(0.21)"
ASV_307,"d:Bacteria(1.00),p:Firmicutes(1.00),c:Clostridia(1.00),o:Clostridiales(1.00),f:Ruminococcaceae(1.00),g:Ruminococcus(1.00)"
ASV_289,"d:Bacteria(1.00),p:Proteobacteria(1.00),c:Betaproteobacteria(1.00),o:Burkholderiales(1.00),f:Sutterellaceae(0.98),g:Sutterella(0.98)"
ASV_316,"d:Bacteria(1.00),p:Bacteroidetes(1.00),c:Bacteroidia(1.00),o:Bacteroidales(1.00),f:Bacteroidaceae(0.99),g:Phocaeicola(0.97)"
ASV_334,"d:Bacteria(1.00),p:Bacteroidetes(1.00),c:Bacteroidia(1.00),o:Bacteroidales(1.00),f:Odoribacteraceae(1.00),g:Butyricimonas(1.00)"
ASV_304,"d:Bacteria(1.00),p:Firmicutes(1.00),c:Erysipelotrichia(1.00),o:Erysipelotrichales(1.00),f:Erysipelotrichaceae(1.00),g:Longicatena(1.00)"
ASV_299,"d:Bacteria(1.00),p:Bacteroidetes(1.00),c:Bacteroidia(1.00),o:Bacteroidales(1.00),f:Bacteroidaceae(1.00),g:Bacteroides(1.00)"
ASV_290,"d:Bacteria(1.00),p:Bacteroidetes(1.00),c:Bacteroidia(1.00),o:Bacteroidales(1.00),f:Prevotellaceae(1.00),g:Prevotellamassilia(1.00)"
ASV_345,"d:Bacteria(1.00),p:Bacteroidetes(1.00),c:Bacteroidia(1.00),o:Bacteroidales(1.00),f:Porphyromonadaceae(1.00),g:Parabacteroides(1.00)"
ASV_342,"d:Bacteria(1.00),p:Firmicutes(1.00),c:Clostridia(1.00),o:Clostridiales(1.00),f:Lachnospiraceae(1.00),g:Eisenbergiella(1.00)"
ASV_302,"d:Bacteria(1.00),p:Firmicutes(1.00),c:Clostridia(1.00),o:Clostridiales(1.00),f:Lachnospiraceae(1.00),g:Kineothrix(0.07)"
ASV_296,"d:Bacteria(1.00),p:Firmicutes(1.00),c:Negativicutes(1.00),o:Acidaminococcales(1.00),f:Acidaminococcaceae(1.00),g:Phascolarctobacterium(0.97)"
ASV_306,"d:Bacteria(1.00),p:Firmicutes(1.00),c:Clostridia(1.00),o:Clostridiales(1.00),f:Lachnospiraceae(1.00),g:Anaerostipes(1.00)"
ASV_391,"d:Bacteria(1.00),p:Actinobacteria(1.00),c:Actinobacteria(1.00),o:Actinomycetales(1.00),f:Actinomycetaceae(1.00),g:Schaalia(1.00)"
ASV_303,"d:Bacteria(1.00),p:Firmicutes(1.00),c:Bacilli(1.00),o:Lactobacillales(1.00),f:Enterococcaceae(0.98),g:Enterococcus(0.98)"
ASV_310,"d:Bacteria(1.00),p:Firmicutes(1.00),c:Clostridia(1.00),o:Clostridiales(1.00),f:Lachnospiraceae(0.98),g:Lacrimispora(0.02)"
ASV_300,"d:Bacteria(1.00),p:Firmicutes(1.00),c:Negativicutes(1.00),o:Veillonellales(1.00),f:Veillonellaceae(1.00),g:Dialister(1.00)"
ASV_309,"d:Bacteria(1.00),p:Firmicutes(1.00),c:Clostridia(1.00),o:Clostridiales(1.00),f:Ruminococcaceae(1.00),g:Lawsonibacter(0.02)"
ASV_319,"d:Bacteria(1.00),p:Firmicutes(1.00),c:Clostridia(1.00),o:Clostridiales(1.00),f:Ruminococcaceae(1.00),g:Oscillibacter(0.86)"
ASV_320,"d:Bacteria(1.00),p:Proteobacteria(1.00),c:Gammaproteobacteria(1.00),o:Pseudomonadales(1.00),f:Moraxellaceae(1.00),g:Acinetobacter(1.00)"
ASV_330,"d:Bacteria(1.00),p:Bacteroidetes(1.00),c:Bacteroidia(1.00),o:Bacteroidales(1.00),f:Odoribacteraceae(1.00),g:Butyricimonas(1.00)"
ASV_311,"d:Bacteria(1.00),p:Firmicutes(1.00),c:Clostridia(1.00),o:Clostridiales(1.00),f:Ruminococcaceae(1.00),g:Oscillibacter(0.85)"
ASV_408,"d:Bacteria(1.00),p:Bacteroidetes(1.00),c:Bacteroidia(1.00),o:Bacteroidales(1.00),f:Bacteroidaceae(1.00),g:Bacteroides(1.00)"
ASV_308,"d:Bacteria(1.00),p:Firmicutes(1.00),c:Clostridia(1.00),o:Clostridiales(1.00),f:Lachnospiraceae(0.93),g:Blautia(0.40)"
ASV_328,"d:Bacteria(1.00),p:Proteobacteria(1.00),c:Deltaproteobacteria(1.00),o:Desulfovibrionales(1.00),f:Desulfovibrionaceae(1.00),g:Desulfovibrio(1.00)"
ASV_326,"d:Bacteria(1.00),p:Firmicutes(0.93),c:Clostridia(0.87),o:Clostridiales(0.87),f:Clostridiales_Incertae_Sedis_XII(0.09),g:Acidaminobacter(0.09)"
ASV_312,"d:Bacteria(1.00),p:Bacteroidetes(1.00),c:Bacteroidia(1.00),o:Bacteroidales(1.00),f:Rikenellaceae(1.00),g:Alistipes(1.00)"
ASV_559,"d:Bacteria(1.00),p:Proteobacteria(1.00),c:Betaproteobacteria(1.00),o:Burkholderiales(1.00),f:Comamonadaceae(1.00),g:Comamonas(0.50)"
ASV_315,"d:Bacteria(1.00),p:Firmicutes(1.00),c:Clostridia(1.00),o:Clostridiales(1.00),f:Ruminococcaceae(0.99),g:Sporobacter(0.61)"
ASV_321,"d:Bacteria(1.00),p:Firmicutes(1.00),c:Clostridia(1.00),o:Clostridiales(1.00),f:Ruminococcaceae(1.00),g:Negativibacillus(1.00)"
ASV_323,"d:Bacteria(1.00),p:Firmicutes(1.00),c:Clostridia(1.00),o:Clostridiales(1.00),f:Lachnospiraceae(1.00),g:Enterocloster(0.99)"
ASV_324,"d:Bacteria(1.00),p:Firmicutes(1.00),c:Clostridia(1.00),o:Clostridiales(1.00),f:Eubacteriaceae(1.00),g:Eubacterium(1.00)"
ASV_374,"d:Bacteria(1.00),p:Firmicutes(1.00),c:Clostridia(1.00),o:Clostridiales(1.00),f:Clostridiaceae_1(1.00),g:Clostridium_sensu_stricto(1.00)"
ASV_344,"d:Bacteria(1.00),p:Bacteroidetes(1.00),c:Bacteroidia(1.00),o:Bacteroidales(1.00),f:Odoribacteraceae(1.00),g:Butyricimonas(1.00)"
ASV_322,"d:Bacteria(1.00),p:Firmicutes(1.00),c:Negativicutes(1.00),o:Veillonellales(1.00),f:Veillonellaceae(1.00),g:Veillonella(1.00)"
ASV_333,"d:Bacteria(1.00),p:Proteobacteria(1.00),c:Deltaproteobacteria(1.00),o:Desulfovibrionales(1.00),f:Desulfovibrionaceae(1.00),g:Desulfovibrio(1.00)"
ASV_327,"d:Bacteria(1.00),p:Firmicutes(1.00),c:Clostridia(1.00),o:Clostridiales(1.00),f:Ruminococcaceae(0.99),g:Oscillibacter(0.71)"
ASV_325,"d:Bacteria(1.00),p:Firmicutes(1.00),c:Clostridia(1.00),o:Clostridiales(1.00),f:Ruminococcaceae(1.00),g:Neglecta(0.50)"
ASV_331,"d:Bacteria(1.00),p:Firmicutes(1.00),c:Clostridia(1.00),o:Clostridiales(1.00),f:Ruminococcaceae(0.96),g:Flintibacter(0.14)"
ASV_392,"d:Bacteria(1.00),p:Firmicutes(0.94),c:Bacilli(0.42),o:Bacillales(0.42),f:Paenibacillaceae_1(0.26),g:Cohnella(0.16)"
ASV_332,"d:Bacteria(1.00),p:Bacteroidetes(0.97),c:Bacteroidia(0.94),o:Bacteroidales(0.94),f:Muribaculaceae(0.73),g:Paramuribaculum(0.05)"
ASV_343,"d:Bacteria(1.00),p:Firmicutes(1.00),c:Clostridia(1.00),o:Clostridiales(1.00),f:Lachnospiraceae(1.00),g:Clostridium_XlVa(0.46)"
ASV_346,"d:Bacteria(1.00),p:Firmicutes(1.00),c:Clostridia(1.00),o:Clostridiales(1.00),f:Lachnospiraceae(1.00),g:Eisenbergiella(1.00)"
ASV_349,"d:Bacteria(1.00),p:Firmicutes(1.00),c:Clostridia(1.00),o:Clostridiales(1.00),f:Lachnospiraceae(1.00),g:Anaerotignum(1.00)"
ASV_414,"d:Bacteria(1.00),p:Bacteroidetes(1.00),c:Bacteroidia(1.00),o:Bacteroidales(1.00),f:Odoribacteraceae(1.00),g:Butyricimonas(1.00)"
ASV_335,"d:Bacteria(1.00),p:Firmicutes(1.00),c:Clostridia(1.00),o:Clostridiales(1.00),f:Ruminococcaceae(0.99),g:Papillibacter(0.25)"
ASV_347,"d:Bacteria(1.00),p:Firmicutes(1.00),c:Bacilli(1.00),o:Lactobacillales(1.00),f:Enterococcaceae(1.00),g:Enterococcus(1.00)"
ASV_338,"d:Bacteria(1.00),p:Firmicutes(1.00),c:Clostridia(1.00),o:Clostridiales(1.00),f:Ruminococcaceae(1.00),g:Ruminococcus(0.99)"
ASV_340,"d:Bacteria(1.00),p:Bacteroidetes(1.00),c:Bacteroidia(1.00),o:Bacteroidales(1.00),f:Rikenellaceae(1.00),g:Alistipes(1.00)"
ASV_396,"d:Bacteria(1.00),p:Proteobacteria(1.00),c:Gammaproteobacteria(1.00),o:Pseudomonadales(1.00),f:Pseudomonadaceae(1.00),g:Pseudomonas(1.00)"
ASV_336,"d:Bacteria(1.00),p:Firmicutes(1.00),c:Clostridia(1.00),o:Clostridiales(1.00),f:Ruminococcaceae(1.00),g:Phocea(1.00)"
ASV_351,"d:Bacteria(1.00),p:Firmicutes(1.00),c:Negativicutes(1.00),o:Acidaminococcales(1.00),f:Acidaminococcaceae(1.00),g:Acidaminococcus(1.00)"
ASV_378,"d:Bacteria(1.00),p:Proteobacteria(1.00),c:Betaproteobacteria(1.00),o:Burkholderiales(1.00),f:Oxalobacteraceae(1.00),g:Oxalobacter(0.99)"
ASV_339,"d:Bacteria(1.00),p:Firmicutes(1.00),c:Negativicutes(1.00),o:Veillonellales(1.00),f:Veillonellaceae(1.00),g:Veillonella(1.00)"
ASV_337,"d:Bacteria(1.00),p:Proteobacteria(1.00),c:Betaproteobacteria(1.00),o:Burkholderiales(0.96),f:Sutterellaceae(0.71),g:Parasutterella(0.55)"
ASV_350,"d:Bacteria(1.00),p:Firmicutes(1.00),c:Clostridia(1.00),o:Clostridiales(1.00),f:Ruminococcaceae(1.00),g:Oscillibacter(0.66)"
ASV_370,"d:Bacteria(1.00),p:Firmicutes(1.00),c:Bacilli(1.00),o:Lactobacillales(1.00),f:Enterococcaceae(0.26),g:Enterococcus(0.16)"
ASV_341,"d:Bacteria(1.00),p:Actinobacteria(1.00),c:Coriobacteriia(1.00),o:Coriobacteriales(1.00),f:Coriobacteriaceae(1.00),g:Collinsella(1.00)"
ASV_353,"d:Bacteria(1.00),p:Firmicutes(1.00),c:Clostridia(1.00),o:Clostridiales(1.00),f:Ruminococcaceae(1.00),g:Intestinimonas(1.00)"
ASV_348,"d:Bacteria(1.00),p:Firmicutes(1.00),c:Clostridia(1.00),o:Clostridiales(1.00),f:Clostridiales_Incertae_Sedis_XIII(0.93),g:Ihubacter(0.90)"
ASV_354,"d:Bacteria(1.00),p:Bacteroidetes(1.00),c:Bacteroidia(1.00),o:Bacteroidales(1.00),f:Rikenellaceae(1.00),g:Alistipes(1.00)"
ASV_384,"d:Bacteria(1.00),p:Firmicutes(1.00),c:Clostridia(1.00),o:Clostridiales(1.00),f:Lachnospiraceae(0.98),g:Butyrivibrio(0.18)"
ASV_398,"d:Bacteria(1.00),p:Proteobacteria(1.00),c:Betaproteobacteria(1.00),o:Neisseriales(1.00),f:Neisseriaceae(1.00),g:Neisseria(1.00)"
ASV_367,"d:Bacteria(1.00),p:Firmicutes(1.00),c:Clostridia(1.00),o:Clostridiales(1.00),f:Clostridiaceae_1(1.00),g:Clostridium_sensu_stricto(0.99)"
ASV_371,"d:Bacteria(1.00),p:Proteobacteria(1.00),c:Deltaproteobacteria(1.00),o:Desulfovibrionales(1.00),f:Desulfovibrionaceae(1.00),g:Desulfovibrio(1.00)"
ASV_352,"d:Bacteria(1.00),p:Firmicutes(1.00),c:Clostridia(1.00),o:Clostridiales(1.00),f:Lachnospiraceae(0.96),g:Anaerocolumna(0.02)"
ASV_369,"d:Bacteria(1.00),p:Firmicutes(1.00),c:Erysipelotrichia(1.00),o:Erysipelotrichales(1.00),f:Erysipelotrichaceae(1.00),g:Clostridium_XVIII(1.00)"
ASV_356,"d:Bacteria(1.00),p:Firmicutes(1.00),c:Clostridia(1.00),o:Clostridiales(1.00),f:Lachnospiraceae(0.95),g:Hungatella(0.32)"
ASV_386,"d:Bacteria(1.00),p:Bacteroidetes(1.00),c:Bacteroidia(1.00),o:Bacteroidales(1.00),f:Bacteroidaceae(1.00),g:Bacteroides(1.00)"
ASV_368,"d:Bacteria(1.00),p:Firmicutes(1.00),c:Clostridia(1.00),o:Clostridiales(1.00),f:Ruminococcaceae(0.99),g:Sporobacter(0.42)"
ASV_357,"d:Bacteria(1.00),p:Firmicutes(1.00),c:Clostridia(1.00),o:Clostridiales(1.00),f:Lachnospiraceae(1.00),g:Blautia(1.00)"
ASV_419,"d:Bacteria(1.00),p:Bacteroidetes(1.00),c:Bacteroidia(1.00),o:Bacteroidales(1.00),f:Porphyromonadaceae(1.00),g:Parabacteroides(1.00)"
ASV_500,"d:Bacteria(1.00),p:Firmicutes(1.00),c:Clostridia(1.00),o:Clostridiales(1.00),f:Ruminococcaceae(1.00),g:Neglecta(0.84)"
ASV_376,"d:Bacteria(1.00),p:Firmicutes(1.00),c:Clostridia(1.00),o:Clostridiales(1.00),f:Ruminococcaceae(1.00),g:Ruminococcus(1.00)"
ASV_365,"d:Bacteria(1.00),p:Proteobacteria(1.00),c:Gammaproteobacteria(1.00),o:Pseudomonadales(1.00),f:Moraxellaceae(1.00),g:Acinetobacter(1.00)"
ASV_375,"d:Bacteria(1.00),p:Firmicutes(1.00),c:Clostridia(1.00),o:Clostridiales(1.00),f:Clostridiaceae_1(1.00),g:Clostridium_sensu_stricto(1.00)"
ASV_360,"d:Bacteria(1.00),p:Firmicutes(1.00),c:Clostridia(1.00),o:Clostridiales(1.00),f:Ruminococcaceae(1.00),g:Flintibacter(1.00)"
ASV_362,"d:Bacteria(1.00),p:Firmicutes(1.00),c:Clostridia(1.00),o:Clostridiales(1.00),f:Lachnospiraceae(0.85),g:Anaerotignum(0.85)"
ASV_382,"d:Bacteria(1.00),p:Bacteroidetes(1.00),c:Bacteroidia(1.00),o:Bacteroidales(1.00),f:Bacteroidaceae(1.00),g:Bacteroides(0.76)"
ASV_379,"d:Bacteria(1.00),p:Firmicutes(1.00),c:Negativicutes(1.00),o:Acidaminococcales(0.96),f:Acidaminococcaceae(0.96),g:Acidaminococcus(0.33)"
ASV_359,"d:Bacteria(1.00),p:Firmicutes(0.99),c:Clostridia(0.98),o:Clostridiales(0.97),f:Clostridiaceae_1(0.48),g:Caloramator(0.03)"
ASV_388,"d:Bacteria(1.00),p:Firmicutes(1.00),c:Clostridia(0.99),o:Clostridiales(0.99),f:Lachnospiraceae(0.07),g:Lachnoanaerobaculum(0.05)"
ASV_364,"d:Bacteria(1.00),p:Firmicutes(1.00),c:Clostridia(1.00),o:Clostridiales(1.00),f:Lachnospiraceae(0.97),g:Enterocloster(0.22)"
ASV_385,"d:Bacteria(1.00),p:Bacteroidetes(1.00),c:Bacteroidia(1.00),o:Bacteroidales(1.00),f:Barnesiellaceae(1.00),g:Barnesiella(1.00)"
ASV_410,"d:Bacteria(1.00),p:Firmicutes(1.00),c:Bacilli(1.00),o:Lactobacillales(1.00),f:Streptococcaceae(1.00),g:Streptococcus(1.00)"
ASV_361,"d:Bacteria(1.00),p:Firmicutes(1.00),c:Erysipelotrichia(1.00),o:Erysipelotrichales(1.00),f:Erysipelotrichaceae(1.00),g:Longibaculum(1.00)"
ASV_363,"d:Bacteria(1.00),p:Bacteroidetes(1.00),c:Bacteroidia(1.00),o:Bacteroidales(1.00),f:Bacteroidaceae(1.00),g:Phocaeicola(0.61)"
ASV_439,"d:Bacteria(1.00),p:Firmicutes(1.00),c:Clostridia(1.00),o:Clostridiales(1.00),f:Ruminococcaceae(1.00),g:Flintibacter(0.95)"
ASV_498,"d:Bacteria(1.00),p:Bacteroidetes(1.00),c:Bacteroidia(1.00),o:Bacteroidales(1.00),f:Bacteroidaceae(0.98),g:Bacteroides(0.39)"
ASV_372,"d:Bacteria(1.00),p:Firmicutes(1.00),c:Clostridia(1.00),o:Clostridiales(1.00),f:Ruminococcaceae(0.97),g:Agathobaculum(0.97)"
ASV_459,"d:Bacteria(1.00),p:Bacteroidetes(1.00),c:Bacteroidia(1.00),o:Bacteroidales(1.00),f:Bacteroidaceae(1.00),g:Bacteroides(1.00)"
ASV_401,"d:Bacteria(1.00),p:Bacteroidetes(1.00),c:Bacteroidia(1.00),o:Bacteroidales(1.00),f:Odoribacteraceae(1.00),g:Butyricimonas(1.00)"
ASV_366,"d:Bacteria(1.00),p:Fusobacteria(1.00),c:Fusobacteriia(1.00),o:Fusobacteriales(1.00),f:Fusobacteriaceae(1.00),g:Fusobacterium(0.44)"
ASV_358,"d:Bacteria(1.00),p:Proteobacteria(1.00),c:Gammaproteobacteria(1.00),o:Pseudomonadales(1.00),f:Moraxellaceae(1.00),g:Acinetobacter(1.00)"
ASV_373,"d:Bacteria(1.00),p:Bacteroidetes(1.00),c:Bacteroidia(1.00),o:Bacteroidales(1.00),f:Porphyromonadaceae(1.00),g:Parabacteroides(1.00)"
ASV_417,"d:Bacteria(1.00),p:Firmicutes(1.00),c:Clostridia(1.00),o:Clostridiales(1.00),f:Lachnospiraceae(1.00),g:Lactonifactor(1.00)"
ASV_381,"d:Bacteria(1.00),p:Firmicutes(1.00),c:Clostridia(1.00),o:Clostridiales(1.00),f:Lachnospiraceae(1.00),g:Merdimonas(0.64)"
ASV_383,"d:Bacteria(1.00),p:Tenericutes(0.37),c:Mollicutes(0.37),o:Entomoplasmatales(0.35),f:Spiroplasmataceae(0.30),g:Spiroplasma(0.30)"
ASV_436,"d:Bacteria(1.00),p:Firmicutes(1.00),c:Clostridia(1.00),o:Clostridiales(1.00),f:Ruminococcaceae(0.96),g:Ruminococcus(0.35)"
ASV_437,"d:Bacteria(1.00),p:Proteobacteria(1.00),c:Gammaproteobacteria(1.00),o:Pseudomonadales(1.00),f:Moraxellaceae(1.00),g:Acinetobacter(1.00)"
ASV_431,"d:Bacteria(1.00),p:Firmicutes(1.00),c:Clostridia(1.00),o:Clostridiales(1.00),f:Ruminococcaceae(0.99),g:Sporobacter(0.38)"
ASV_461,"d:Bacteria(1.00),p:Firmicutes(1.00),c:Clostridia(1.00),o:Clostridiales(1.00),f:Ruminococcaceae(1.00),g:Gemmiger(1.00)"
ASV_377,"d:Bacteria(1.00),p:Firmicutes(1.00),c:Clostridia(1.00),o:Clostridiales(1.00),f:Lachnospiraceae(0.98),g:Blautia(0.78)"
ASV_380,"d:Bacteria(1.00),p:Firmicutes(1.00),c:Clostridia(1.00),o:Clostridiales(1.00),f:Ruminococcaceae(1.00),g:Faecalibacterium(1.00)"
ASV_409,"d:Bacteria(1.00),p:Firmicutes(1.00),c:Clostridia(1.00),o:Clostridiales(1.00),f:Lachnospiraceae(1.00),g:Blautia(1.00)"
ASV_394,"d:Bacteria(1.00),p:Firmicutes(1.00),c:Clostridia(1.00),o:Clostridiales(1.00),f:Lachnospiraceae(1.00),g:Clostridium_XlVb(0.99)"
ASV_420,"d:Bacteria(1.00),p:Bacteroidetes(1.00),c:Bacteroidia(1.00),o:Bacteroidales(1.00),f:Prevotellaceae(1.00),g:Paraprevotella(1.00)"
ASV_404,"d:Bacteria(1.00),p:Firmicutes(1.00),c:Erysipelotrichia(1.00),o:Erysipelotrichales(1.00),f:Erysipelotrichaceae(1.00),g:Kandleria(0.34)"
ASV_407,"d:Bacteria(1.00),p:Firmicutes(1.00),c:Clostridia(1.00),o:Clostridiales(1.00),f:Lachnospiraceae(0.99),g:Enterocloster(0.28)"
ASV_387,"d:Bacteria(1.00),p:Bacteroidetes(1.00),c:Bacteroidia(1.00),o:Bacteroidales(1.00),f:Bacteroidaceae(0.93),g:Bacteroides(0.86)"
ASV_415,"d:Bacteria(1.00),p:Bacteroidetes(1.00),c:Bacteroidia(1.00),o:Bacteroidales(1.00),f:Prevotellaceae(1.00),g:Paraprevotella(1.00)"
ASV_395,"d:Bacteria(1.00),p:Bacteroidetes(1.00),c:Bacteroidia(1.00),o:Bacteroidales(1.00),f:Porphyromonadaceae(1.00),g:Parabacteroides(1.00)"
ASV_389,"d:Bacteria(1.00),p:Firmicutes(1.00),c:Clostridia(1.00),o:Clostridiales(1.00),f:Ruminococcaceae(0.99),g:Hydrogeniiclostridium(0.02)"
ASV_486,"d:Bacteria(1.00),p:Firmicutes(1.00),c:Clostridia(1.00),o:Clostridiales(1.00),f:Eubacteriaceae(0.80),g:Intestinibacillus(0.80)"
ASV_390,"d:Bacteria(1.00),p:Firmicutes(1.00),c:Clostridia(1.00),o:Clostridiales(1.00),f:Ruminococcaceae(0.98),g:Flintibacter(0.74)"
ASV_412,"d:Bacteria(1.00),p:Bacteroidetes(1.00),c:Bacteroidia(1.00),o:Bacteroidales(1.00),f:Bacteroidaceae(1.00),g:Bacteroides(1.00)"
ASV_484,"d:Bacteria(1.00),p:Firmicutes(1.00),c:Clostridia(1.00),o:Clostridiales(1.00),f:Ruminococcaceae(0.99),g:Oscillibacter(0.60)"
ASV_355,"d:Bacteria(1.00),p:Bacteroidetes(1.00),c:Bacteroidia(1.00),o:Bacteroidales(1.00),f:Prevotellaceae(1.00),g:Prevotella(1.00)"
ASV_425,"d:Bacteria(1.00),p:Bacteroidetes(1.00),c:Bacteroidia(1.00),o:Bacteroidales(1.00),f:Bacteroidaceae(1.00),g:Phocaeicola(1.00)"
ASV_546,"d:Archaea(1.00),p:Thaumarchaeota(1.00),o:Nitrososphaerales(1.00),f:Nitrososphaeraceae(1.00),g:Nitrososphaera(1.00)"
ASV_403,"d:Bacteria(1.00),p:Firmicutes(1.00),c:Clostridia(1.00),o:Clostridiales(1.00),f:Ruminococcaceae(1.00),g:Intestinimonas(0.79)"
ASV_400,"d:Bacteria(1.00),p:Firmicutes(0.99),c:Clostridia(0.99),o:Clostridiales(0.99),f:Lachnospiraceae(0.99),g:Merdimonas(0.59)"
ASV_432,"d:Bacteria(1.00),p:Firmicutes(1.00),c:Erysipelotrichia(1.00),o:Erysipelotrichales(1.00),f:Erysipelotrichaceae(1.00),g:Holdemania(1.00)"
ASV_399,"d:Bacteria(1.00),p:Bacteroidetes(1.00),c:Bacteroidia(1.00),o:Bacteroidales(1.00),f:Bacteroidaceae(1.00),g:Bacteroides(1.00)"
ASV_393,"d:Bacteria(1.00),p:Proteobacteria(0.97),c:Alphaproteobacteria(0.97),o:Rhodospirillales(0.46),f:Rhodospirillaceae(0.43),g:Caenispirillum(0.03)"
ASV_471,"d:Bacteria(1.00),p:Proteobacteria(1.00),c:Gammaproteobacteria(1.00),o:Enterobacterales(1.00),f:Morganellaceae(1.00),g:Morganella(1.00)"
ASV_426,"d:Bacteria(1.00),p:Firmicutes(0.96),c:Clostridia(0.96),o:Clostridiales(0.95),f:Eubacteriaceae(0.05),g:Eubacterium(0.05)"
ASV_418,"d:Bacteria(1.00),p:Firmicutes(1.00),c:Clostridia(1.00),o:Clostridiales(1.00),f:Lachnospiraceae(1.00),g:Anaerosporobacter(0.44)"
ASV_416,"d:Bacteria(1.00),p:Firmicutes(1.00),c:Clostridia(1.00),o:Clostridiales(1.00),f:Eubacteriaceae(0.90),g:Eubacterium(0.90)"
ASV_428,"d:Bacteria(1.00),p:Firmicutes(1.00),c:Clostridia(1.00),o:Clostridiales(1.00),f:Peptostreptococcaceae(1.00),g:Romboutsia(1.00)"
ASV_406,"d:Bacteria(1.00),p:Proteobacteria(1.00),c:Gammaproteobacteria(1.00),o:Enterobacterales(1.00),f:Morganellaceae(1.00),g:Proteus(1.00)"
ASV_507,"d:Bacteria(1.00),p:Firmicutes(1.00),c:Clostridia(1.00),o:Clostridiales(1.00),f:Ruminococcaceae(1.00),g:Fournierella(1.00)"
ASV_444,"d:Bacteria(1.00),p:Proteobacteria(1.00),c:Gammaproteobacteria(1.00),o:Aeromonadales(1.00),f:Aeromonadaceae(1.00),g:Aeromonas(1.00)"
ASV_405,"d:Bacteria(1.00),p:Firmicutes(1.00),c:Clostridia(1.00),o:Clostridiales(1.00),f:Ruminococcaceae(1.00),g:Dysosmobacter(0.92)"
ASV_478,"d:Bacteria(1.00),p:Firmicutes(1.00),c:Bacilli(1.00),o:Lactobacillales(1.00),f:Lactobacillaceae(1.00),g:Lactobacillus(1.00)"
ASV_493,"d:Bacteria(1.00),p:Firmicutes(1.00),c:Clostridia(1.00),o:Clostridiales(1.00),f:Ruminococcaceae(0.85),g:Ruminococcus(0.38)"
ASV_441,"d:Bacteria(1.00),p:Bacteroidetes(1.00),c:Bacteroidia(1.00),o:Bacteroidales(1.00),f:Bacteroidaceae(0.99),g:Bacteroides(0.60)"
ASV_423,"d:Bacteria(1.00),p:Firmicutes(1.00),c:Clostridia(1.00),o:Clostridiales(1.00),f:Ruminococcaceae(1.00),g:Ruthenibacterium(0.50)"
ASV_505,"d:Bacteria(1.00),p:Firmicutes(1.00),c:Clostridia(1.00),o:Clostridiales(1.00),f:Clostridiaceae_1(1.00),g:Clostridium_sensu_stricto(1.00)"
ASV_427,"d:Bacteria(1.00),p:Bacteroidetes(1.00),c:Bacteroidia(1.00),o:Bacteroidales(1.00),f:Bacteroidaceae(1.00),g:Bacteroides(1.00)"
ASV_411,"d:Bacteria(1.00),p:Synergistetes(1.00),c:Synergistia(1.00),o:Synergistales(1.00),f:Synergistaceae(1.00),g:Pyramidobacter(1.00)"
ASV_435,"d:Bacteria(1.00),p:Firmicutes(1.00),c:Bacilli(1.00),o:Bacillales(1.00),f:Staphylococcaceae(1.00),g:Staphylococcus(1.00)"
ASV_434,"d:Bacteria(1.00),p:Firmicutes(1.00),c:Clostridia(1.00),o:Clostridiales(1.00),f:Lachnospiraceae(0.99),g:Ruminococcus2(0.08)"
ASV_424,"d:Bacteria(1.00),p:Actinobacteria(1.00),c:Actinobacteria(1.00),o:Bifidobacteriales(1.00),f:Bifidobacteriaceae(1.00),g:Bifidobacterium(1.00)"
ASV_555,"d:Bacteria(1.00),p:Bacteroidetes(1.00),c:Bacteroidia(0.99),o:Bacteroidales(0.99),f:Barnesiellaceae(0.42),g:Barnesiella(0.42)"
ASV_482,"d:Bacteria(1.00),p:Firmicutes(1.00),c:Negativicutes(1.00),o:Acidaminococcales(1.00),f:Acidaminococcaceae(1.00),g:Acidaminococcus(0.96)"
ASV_476,"d:Bacteria(1.00),p:Firmicutes(1.00),c:Clostridia(1.00),o:Clostridiales(1.00),f:Lachnospiraceae(1.00),g:Blautia(0.71)"
ASV_473,"d:Bacteria(1.00),p:Bacteroidetes(1.00),c:Bacteroidia(1.00),o:Bacteroidales(1.00),f:Porphyromonadaceae(1.00),g:Parabacteroides(1.00)"
ASV_456,"d:Bacteria(1.00),p:Bacteroidetes(1.00),c:Bacteroidia(1.00),o:Bacteroidales(1.00),f:Prevotellaceae(1.00),g:Prevotella(1.00)"
ASV_481,"d:Bacteria(1.00),p:Firmicutes(1.00),c:Bacilli(1.00),o:Lactobacillales(1.00),f:Lactobacillaceae(1.00),g:Lacticaseibacillus(0.98)"
ASV_422,"d:Bacteria(1.00),p:Firmicutes(1.00),c:Clostridia(1.00),o:Clostridiales(1.00),f:Lachnospiraceae(1.00),g:Blautia(1.00)"
ASV_433,"d:Bacteria(1.00),p:Bacteroidetes(1.00),c:Bacteroidia(1.00),o:Bacteroidales(1.00),f:Prevotellaceae(1.00),g:Paraprevotella(1.00)"
ASV_421,"d:Bacteria(1.00),p:Firmicutes(1.00),c:Negativicutes(1.00),o:Veillonellales(1.00),f:Veillonellaceae(1.00),g:Megasphaera(0.98)"
ASV_509,"d:Bacteria(1.00),p:Proteobacteria(1.00),c:Gammaproteobacteria(1.00),o:Pseudomonadales(1.00),f:Moraxellaceae(1.00),g:Acinetobacter(1.00)"
ASV_446,"d:Bacteria(1.00),p:Bacteroidetes(1.00),c:Bacteroidia(1.00),o:Bacteroidales(1.00),f:Rikenellaceae(1.00),g:Alistipes(1.00)"
ASV_452,"d:Bacteria(1.00),p:Firmicutes(1.00),c:Clostridia(1.00),o:Clostridiales(1.00),f:Lachnospiraceae(0.99),g:Lactonifactor(0.14)"
ASV_453,"d:Bacteria(1.00),p:Firmicutes(1.00),c:Bacilli(1.00),o:Lactobacillales(1.00),f:Lactobacillaceae(1.00),g:Weissella(1.00)"
ASV_535,"d:Bacteria(1.00),p:Firmicutes(1.00),c:Erysipelotrichia(0.99),o:Erysipelotrichales(0.99),f:Erysipelotrichaceae(0.99),g:Longicatena(0.86)"
ASV_475,"d:Bacteria(1.00),p:Bacteroidetes(1.00),c:Bacteroidia(1.00),o:Bacteroidales(1.00),f:Barnesiellaceae(1.00),g:Coprobacter(1.00)"
ASV_491,"d:Bacteria(1.00),p:Firmicutes(1.00),c:Clostridia(1.00),o:Clostridiales(1.00),f:Ruminococcaceae(1.00),g:Butyricicoccus(0.99)"
ASV_455,"d:Bacteria(1.00),p:Firmicutes(1.00),c:Clostridia(1.00),o:Clostridiales(1.00),f:Lachnospiraceae(0.99),g:Blautia(0.06)"
ASV_448,"d:Bacteria(1.00),p:Firmicutes(1.00),c:Clostridia(1.00),o:Clostridiales(1.00),f:Ruminococcaceae(0.94),g:Flintibacter(0.08)"
ASV_440,"d:Bacteria(1.00),p:Firmicutes(1.00),c:Clostridia(1.00),o:Clostridiales(1.00),f:Lachnospiraceae(0.94),g:Blautia(0.05)"
ASV_429,"d:Bacteria(1.00),p:Proteobacteria(0.99),c:Deltaproteobacteria(0.97),o:Desulfovibrionales(0.97),f:Desulfovibrionaceae(0.94),g:Desulfovibrio(0.80)"
ASV_477,"d:Bacteria(1.00),p:Firmicutes(1.00),c:Clostridia(1.00),o:Clostridiales(1.00),f:Lachnospiraceae(1.00),g:Coprococcus(1.00)"
ASV_465,"d:Bacteria(1.00),p:Firmicutes(1.00),c:Clostridia(1.00),o:Clostridiales(1.00),f:Lachnospiraceae(1.00),g:Eisenbergiella(0.89)"
ASV_447,"d:Bacteria(1.00),p:Firmicutes(1.00),c:Clostridia(1.00),o:Clostridiales(1.00),f:Lachnospiraceae(1.00),g:Faecalicatena(1.00)"
ASV_443,"d:Bacteria(1.00),p:Bacteroidetes(1.00),c:Bacteroidia(1.00),o:Bacteroidales(1.00),f:Barnesiellaceae(1.00),g:Barnesiella(1.00)"
ASV_451,"d:Bacteria(1.00),p:Firmicutes(1.00),c:Clostridia(1.00),o:Clostridiales(1.00),f:Lachnospiraceae(1.00),g:Anaerotignum(1.00)"
ASV_442,"d:Bacteria(1.00),p:Firmicutes(1.00),c:Clostridia(1.00),o:Clostridiales(1.00),f:Ruminococcaceae(1.00),g:Neglecta(0.88)"
ASV_470,"d:Bacteria(1.00),p:Bacteroidetes(1.00),c:Sphingobacteriia(1.00),o:Sphingobacteriales(1.00),f:Sphingobacteriaceae(1.00),g:Sphingobacterium(1.00)"
ASV_467,"d:Bacteria(1.00),p:Firmicutes(1.00),c:Clostridia(1.00),o:Clostridiales(1.00),f:Lachnospiraceae(1.00),g:Blautia(0.99)"
ASV_503,"d:Bacteria(1.00),p:Firmicutes(1.00),c:Clostridia(1.00),o:Clostridiales(1.00),f:Catabacteriaceae(1.00),g:Catabacter(1.00)"
ASV_445,"d:Bacteria(1.00),p:Tenericutes(0.01),c:Mollicutes(0.01),o:Haloplasmatales(0.01),f:Haloplasmataceae(0.01),g:Haloplasma(0.01)"
ASV_450,"d:Bacteria(1.00),p:Bacteroidetes(1.00),c:Bacteroidia(1.00),o:Bacteroidales(1.00),f:Odoribacteraceae(1.00),g:Odoribacter(1.00)"
ASV_460,"d:Bacteria(1.00),p:Firmicutes(1.00),c:Erysipelotrichia(1.00),o:Erysipelotrichales(1.00),f:Erysipelotrichaceae(1.00),g:Coprobacillus(0.73)"
ASV_472,"d:Bacteria(1.00),p:Proteobacteria(1.00),c:Gammaproteobacteria(1.00),o:Pasteurellales(1.00),f:Pasteurellaceae(1.00),g:Haemophilus(0.61)"
ASV_458,"d:Bacteria(1.00),p:Firmicutes(1.00),c:Clostridia(1.00),o:Clostridiales(1.00),f:Peptostreptococcaceae(1.00),g:Paeniclostridium(1.00)"
ASV_520,"d:Bacteria(1.00),p:Bacteroidetes(0.96),c:Flavobacteriia(0.61),o:Flavobacteriales(0.61),f:Cryomorphaceae(0.40),g:Luteibaculum(0.06)"
ASV_462,"d:Bacteria(1.00),p:Proteobacteria(1.00),c:Gammaproteobacteria(1.00),o:Xanthomonadales(1.00),f:Xanthomonadaceae(1.00),g:Stenotrophomonas(1.00)"
ASV_464,"d:Bacteria(1.00),p:Firmicutes(1.00),c:Clostridia(1.00),o:Clostridiales(1.00),f:Eubacteriaceae(0.84),g:Eubacterium(0.84)"
ASV_457,"d:Bacteria(1.00),p:Firmicutes(0.99),c:Clostridia(0.99),o:Clostridiales(0.99),f:Lachnospiraceae(0.99),g:Kineothrix(0.33)"
ASV_496,"d:Bacteria(1.00),p:Firmicutes(1.00),c:Erysipelotrichia(1.00),o:Erysipelotrichales(1.00),f:Erysipelotrichaceae(1.00),g:Dielma(1.00)"
ASV_468,"d:Bacteria(1.00),p:Firmicutes(1.00),c:Clostridia(1.00),o:Clostridiales(1.00),f:Lachnospiraceae(1.00),g:Dorea(0.87)"
ASV_510,"d:Bacteria(1.00),p:Bacteroidetes(1.00),c:Bacteroidia(0.96),o:Bacteroidales(0.96),f:Odoribacteraceae(0.95),g:Butyricimonas(0.85)"
ASV_516,"d:Bacteria(1.00),p:Firmicutes(1.00),c:Erysipelotrichia(1.00),o:Erysipelotrichales(1.00),f:Erysipelotrichaceae(1.00),g:Amedibacillus(1.00)"
ASV_430,"d:Bacteria(1.00),p:Proteobacteria(1.00),c:Alphaproteobacteria(1.00),o:Rhizobiales(1.00),f:Boseaceae(1.00),g:Bosea(1.00)"
ASV_539,"d:Bacteria(1.00),p:Firmicutes(1.00),c:Clostridia(1.00),o:Clostridiales(1.00),f:Lachnospiraceae(1.00),g:Blautia(0.63)"
ASV_463,"d:Bacteria(1.00),p:Firmicutes(1.00),c:Clostridia(1.00),o:Clostridiales(1.00),f:Eubacteriaceae(0.63),g:Eubacterium(0.63)"
ASV_466,"d:Bacteria(1.00),p:Firmicutes(0.79),c:Clostridia(0.79),o:Clostridiales(0.76),f:Clostridiales_Incertae_Sedis_III(0.28),g:Caldicellulosiruptor(0.28)"
ASV_488,"d:Bacteria(1.00),p:Bacteroidetes(1.00),c:Bacteroidia(1.00),o:Bacteroidales(1.00),f:Rikenellaceae(1.00),g:Alistipes(1.00)"
ASV_454,"d:Bacteria(1.00),p:Firmicutes(1.00),c:Erysipelotrichia(1.00),o:Erysipelotrichales(1.00),f:Erysipelotrichaceae(0.99),g:Catenibacterium(0.33)"
ASV_487,"d:Bacteria(1.00),p:Bacteroidetes(1.00),c:Bacteroidia(1.00),o:Bacteroidales(1.00),f:Bacteroidaceae(0.92),g:Bacteroides(0.74)"
ASV_469,"d:Bacteria(1.00),p:Firmicutes(1.00),c:Bacilli(1.00),o:Bacillales(1.00),f:Bacillales_Incertae_Sedis_XI(1.00),g:Gemella(1.00)"
ASV_531,"d:Bacteria(1.00),p:Bacteroidetes(1.00),c:Bacteroidia(1.00),o:Bacteroidales(1.00),f:Barnesiellaceae(1.00),g:Coprobacter(1.00)"
ASV_508,"d:Bacteria(1.00),p:Firmicutes(1.00),c:Negativicutes(1.00),o:Veillonellales(1.00),f:Veillonellaceae(1.00),g:Dialister(1.00)"
ASV_528,"d:Bacteria(1.00),p:Firmicutes(1.00),c:Clostridia(1.00),o:Clostridiales(1.00),f:Ruminococcaceae(0.97),g:Butyricicoccus(0.97)"
ASV_474,"d:Bacteria(1.00),p:Firmicutes(1.00),c:Negativicutes(1.00),o:Veillonellales(1.00),f:Veillonellaceae(1.00),g:Dialister(1.00)"
ASV_565,"d:Bacteria(1.00),p:Bacteroidetes(1.00),c:Bacteroidia(1.00),o:Bacteroidales(1.00),f:Rikenellaceae(1.00),g:Alistipes(1.00)"
ASV_526,"d:Bacteria(1.00),p:Firmicutes(1.00),c:Clostridia(1.00),o:Clostridiales(1.00),f:Ruminococcaceae(1.00),g:Oscillibacter(1.00)"
ASV_449,"d:Bacteria(1.00),p:Proteobacteria(1.00),c:Betaproteobacteria(1.00),o:Burkholderiales(1.00),f:Burkholderiaceae(1.00),g:Burkholderia(1.00)"
ASV_492,"d:Bacteria(1.00),p:Firmicutes(1.00),c:Clostridia(1.00),o:Clostridiales(1.00),f:Lachnospiraceae(1.00),g:Blautia(1.00)"
ASV_480,"d:Bacteria(1.00),p:Firmicutes(1.00),c:Clostridia(1.00),o:Clostridiales(1.00),f:Lachnospiraceae(0.99),g:Merdimonas(0.45)"
ASV_490,"d:Bacteria(1.00),p:Firmicutes(1.00),c:Clostridia(1.00),o:Clostridiales(1.00),f:Ruminococcaceae(1.00),g:Clostridium_IV(0.11)"
ASV_511,"d:Bacteria(1.00),p:Bacteroidetes(1.00),c:Bacteroidia(1.00),o:Bacteroidales(1.00),f:Porphyromonadaceae(1.00),g:Parabacteroides(1.00)"
ASV_494,"d:Bacteria(1.00),p:Bacteroidetes(1.00),c:Bacteroidia(1.00),o:Bacteroidales(1.00),f:Barnesiellaceae(1.00),g:Barnesiella(1.00)"
ASV_479,"d:Bacteria(1.00),p:Synergistetes(1.00),c:Synergistia(1.00),o:Synergistales(1.00),f:Synergistaceae(1.00),g:Pyramidobacter(1.00)"
ASV_502,"d:Bacteria(1.00),p:Firmicutes(1.00),c:Erysipelotrichia(1.00),o:Erysipelotrichales(1.00),f:Erysipelotrichaceae(1.00),g:Holdemania(1.00)"
ASV_483,"d:Bacteria(1.00),p:Actinobacteria(1.00),c:Coriobacteriia(1.00),o:Eggerthellales(1.00),f:Eggerthellaceae(1.00),g:Adlercreutzia(1.00)"
ASV_495,"d:Bacteria(1.00),p:Firmicutes(1.00),c:Bacilli(1.00),o:Lactobacillales(1.00),f:Aerococcaceae(1.00),g:Abiotrophia(1.00)"
ASV_512,"d:Bacteria(1.00),p:Bacteroidetes(1.00),c:Bacteroidia(1.00),o:Bacteroidales(1.00),f:Prevotellaceae(1.00),g:Prevotella(0.99)"
ASV_485,"d:Bacteria(1.00),p:Firmicutes(1.00),c:Negativicutes(1.00),o:Veillonellales(1.00),f:Veillonellaceae(1.00),g:Veillonella(1.00)"
ASV_489,"d:Bacteria(1.00),p:Bacteroidetes(0.99),c:Bacteroidia(0.99),o:Bacteroidales(0.99),f:Prevotellaceae(0.92),g:Prevotella(0.76)"
ASV_521,"d:Bacteria(1.00),p:Proteobacteria(1.00),c:Gammaproteobacteria(1.00),o:Nevskiales(1.00),f:Nevskiaceae(1.00),g:Nevskia(0.99)"
ASV_497,"d:Bacteria(1.00),p:Bacteroidetes(1.00),c:Bacteroidia(1.00),o:Bacteroidales(1.00),f:Dysgonomonadaceae(1.00),g:Dysgonomonas(1.00)"
ASV_499,"d:Bacteria(1.00),p:Firmicutes(1.00),c:Clostridia(1.00),o:Clostridiales(1.00),f:Ruminococcaceae(1.00),g:Butyricicoccus(1.00)"
ASV_515,"d:Bacteria(1.00),p:Firmicutes(0.68),c:Clostridia(0.48),o:Clostridiales(0.48),g:Natranaerovirga(0.11)"
ASV_530,"d:Bacteria(1.00),p:Firmicutes(1.00),c:Clostridia(1.00),o:Clostridiales(1.00),f:Lachnospiraceae(0.99),g:Mediterraneibacter(0.30)"
ASV_522,"d:Bacteria(1.00),p:Bacteroidetes(1.00),c:Bacteroidia(1.00),o:Bacteroidales(1.00),f:Odoribacteraceae(1.00),g:Butyricimonas(1.00)"
ASV_517,"d:Bacteria(1.00),p:Firmicutes(1.00),c:Clostridia(0.98),o:Clostridiales(0.98),f:Eubacteriaceae(0.44),g:Eubacterium(0.44)"
ASV_501,"d:Bacteria(1.00),p:Proteobacteria(0.89),c:Alphaproteobacteria(0.89),o:Kiloniellales(0.28),f:Kiloniellaceae(0.28),g:Marivibrio(0.06)"
ASV_561,"d:Bacteria(1.00),p:Firmicutes(1.00),c:Clostridia(1.00),o:Clostridiales(1.00),f:Lachnospiraceae(1.00),g:Anaerotignum(1.00)"
ASV_504,"d:Bacteria(1.00),p:Bacteroidetes(1.00),c:Bacteroidia(1.00),o:Bacteroidales(1.00),f:Bacteroidaceae(0.64),g:Bacteroides(0.59)"
ASV_548,"d:Bacteria(1.00),p:Proteobacteria(1.00),c:Betaproteobacteria(1.00),o:Burkholderiales(0.98),f:Sutterellaceae(0.89),g:Sutterella(0.88)"
ASV_513,"d:Bacteria(1.00),p:Firmicutes(1.00),c:Erysipelotrichia(1.00),o:Erysipelotrichales(1.00),f:Erysipelotrichaceae(1.00),g:Amedibacterium(1.00)"
ASV_518,"d:Bacteria(1.00),p:Firmicutes(1.00),c:Clostridia(1.00),o:Clostridiales(1.00),f:Lachnospiraceae(0.99),g:Lachnospiracea_incertae_sedis(0.42)"
ASV_563,"d:Bacteria(1.00),p:Proteobacteria(1.00),c:Deltaproteobacteria(1.00),o:Desulfovibrionales(1.00),f:Desulfovibrionaceae(1.00),g:Mailhella(1.00)"
ASV_547,"d:Bacteria(1.00),p:Firmicutes(1.00),c:Clostridia(1.00),o:Clostridiales(1.00),f:Ruminococcaceae(0.91),g:Ruminococcus(0.43)"
ASV_536,"d:Bacteria(1.00),p:Firmicutes(1.00),c:Clostridia(1.00),o:Clostridiales(1.00),f:Clostridiaceae_1(1.00),g:Clostridium_sensu_stricto(1.00)"
ASV_533,"d:Bacteria(1.00),p:Firmicutes(1.00),c:Clostridia(1.00),o:Clostridiales(1.00),f:Lachnospiraceae(0.98),g:Anaerosporobacter(0.04)"
ASV_558,"d:Bacteria(1.00),p:Firmicutes(1.00),c:Clostridia(1.00),o:Clostridiales(1.00),f:Lachnospiraceae(1.00),g:Anaerotignum(1.00)"
ASV_527,"d:Bacteria(1.00),p:Bacteroidetes(1.00),c:Bacteroidia(1.00),o:Bacteroidales(1.00),f:Prevotellaceae(1.00),g:Marseilla(1.00)"
ASV_529,"d:Bacteria(1.00),p:Bacteroidetes(1.00),c:Bacteroidia(1.00),o:Bacteroidales(1.00),f:Barnesiellaceae(1.00),g:Barnesiella(1.00)"
ASV_544,"d:Bacteria(1.00),p:Bacteroidetes(1.00),c:Bacteroidia(1.00),o:Bacteroidales(1.00),f:Porphyromonadaceae(1.00),g:Parabacteroides(1.00)"
ASV_541,"d:Bacteria(1.00),p:Firmicutes(1.00),c:Clostridia(1.00),o:Clostridiales(1.00),f:Lachnospiraceae(1.00),g:Anaerostipes(1.00)"
ASV_538,"d:Bacteria(1.00),p:Firmicutes(1.00),c:Clostridia(1.00),o:Clostridiales(1.00),f:Lachnospiraceae(0.98),g:Butyrivibrio(0.17)"
ASV_524,"d:Bacteria(1.00),p:Bacteroidetes(1.00),c:Bacteroidia(1.00),o:Bacteroidales(1.00),f:Porphyromonadaceae(1.00),g:Parabacteroides(1.00)"
ASV_545,"d:Bacteria(1.00),p:Firmicutes(1.00),c:Clostridia(1.00),o:Clostridiales(1.00),f:Lachnospiraceae(0.98),g:Agathobacter(0.43)"
ASV_532,"d:Bacteria(1.00),p:Bacteroidetes(1.00),c:Bacteroidia(1.00),o:Bacteroidales(1.00),f:Bacteroidaceae(1.00),g:Phocaeicola(1.00)"
ASV_525,"d:Bacteria(1.00),p:Proteobacteria(1.00),c:Gammaproteobacteria(1.00),o:Pseudomonadales(1.00),f:Moraxellaceae(1.00),g:Acinetobacter(1.00)"
ASV_552,"d:Bacteria(1.00),p:Firmicutes(1.00),c:Clostridia(1.00),o:Clostridiales(1.00),f:Ruminococcaceae(1.00),g:Anaeromassilibacillus(0.99)"
ASV_549,"d:Bacteria(1.00),p:Bacteroidetes(1.00),c:Bacteroidia(1.00),o:Bacteroidales(1.00),f:Prevotellaceae(1.00),g:Prevotella(1.00)"
ASV_553,"d:Bacteria(1.00),p:Firmicutes(1.00),c:Clostridia(1.00),o:Clostridiales(1.00),f:Lachnospiraceae(1.00),g:Anaerotignum(1.00)"
ASV_550,"d:Bacteria(1.00),p:Firmicutes(1.00),c:Bacilli(1.00),o:Lactobacillales(1.00),f:Lactobacillaceae(1.00),g:Lactobacillus(1.00)"
ASV_554,"d:Bacteria(1.00),p:Proteobacteria(1.00),c:Gammaproteobacteria(1.00),o:Xanthomonadales(1.00),f:Xanthomonadaceae(1.00),g:Stenotrophomonas(1.00)"
ASV_506,"d:Bacteria(1.00),p:Actinobacteria(1.00),c:Actinobacteria(1.00),o:Mycobacteriales(1.00),f:Nocardiaceae(1.00),g:Rhodococcus(1.00)"
ASV_542,"d:Bacteria(1.00),p:Firmicutes(1.00),c:Clostridia(1.00),o:Clostridiales(1.00),f:Ruminococcaceae(1.00),g:Caproiciproducens(0.38)"
ASV_557,"d:Bacteria(1.00),p:Firmicutes(1.00),c:Clostridia(1.00),o:Clostridiales(1.00),f:Eubacteriaceae(1.00),g:Eubacterium(0.79)"
ASV_540,"d:Bacteria(1.00),p:Proteobacteria(1.00),c:Gammaproteobacteria(1.00),o:Pseudomonadales(1.00),f:Moraxellaceae(1.00),g:Acinetobacter(1.00)"
ASV_523,"d:Bacteria(1.00),p:Firmicutes(1.00),c:Clostridia(1.00),o:Clostridiales(1.00),f:Peptostreptococcaceae(1.00),g:Peptostreptococcus(1.00)"
ASV_560,"d:Bacteria(1.00),p:Firmicutes(1.00),c:Clostridia(1.00),o:Clostridiales(1.00),f:Lachnospiraceae(0.97),g:Lacrimispora(0.04)"
ASV_551,"d:Bacteria(1.00),p:Firmicutes(1.00),c:Clostridia(1.00),o:Clostridiales(1.00),f:Lachnospiraceae(1.00),g:Merdimonas(1.00)"
ASV_514,"d:Bacteria(1.00),p:Actinobacteria(1.00),c:Actinobacteria(1.00),o:Mycobacteriales(1.00),f:Nocardiaceae(1.00),g:Rhodococcus(1.00)"
ASV_562,"d:Bacteria(1.00),p:Bacteroidetes(1.00),c:Bacteroidia(1.00),o:Bacteroidales(1.00),f:Porphyromonadaceae(1.00),g:Parabacteroides(1.00)"
ASV_556,"d:Bacteria(1.00),p:Proteobacteria(0.98),c:Alphaproteobacteria(0.97),o:Kiloniellales(0.40),f:Kiloniellaceae(0.40),g:Aestuariispira(0.18)"
ASV_537,"d:Bacteria(1.00),p:Bacteroidetes(1.00),c:Bacteroidia(1.00),o:Bacteroidales(1.00),f:Prevotellaceae(1.00),g:Prevotella(1.00)"